league,season,week,event_id,kickoff_utc,state,completed,away_team,away_abbr,away_score,away_record,home_team,home_abbr,home_score,home_record,neutral_site,conference_game,venue,broadcasts,line,spread,total,market_provider,source_url
CFB,2026,1,401856766,2026-08-29T16:00Z,post,true,North Carolina Tar Heels,UNC,15,1-0,TCU Horned Frogs,TCU,10,0-1,true,false,Aviva Stadium,ESPN / Disney+,,,,,https://www.espn.com/college-football/game/_/gameId/401856766
CFB,2026,1,401864494,2026-08-29T19:00Z,post,true,San José State Spartans,SJSU,26,0-1,USC Trojans,USC,42,1-0,false,false,Los Angeles Memorial Coliseum,NBC,,,,,https://www.espn.com/college-football/game/_/gameId/401864494
CFB,2026,1,401858202,2026-08-29T19:30Z,post,true,NC State Wolfpack,NCSU,8,0-1,Virginia Cavaliers,UVA,34,1-0,false,true,Scott Stadium,ESPN,,,,,https://www.espn.com/college-football/game/_/gameId/401858202
CFB,2026,1,401864577,2026-08-29T21:30Z,post,true,Jacksonville State Gamecocks,JXST,7,0-1,North Dakota State Bison,NDSU,33,1-0,false,false,Fargodome,CBSSN,,,,,https://www.espn.com/college-football/game/_/gameId/401864577
CFB,2026,1,401866408,2026-08-29T22:30Z,post,true,Sacramento State Hornets,SAC,17,0-1,Eastern Michigan Eagles,EMU,28,1-0,false,true,Rynearson Stadium,ESPN+,,,,,https://www.espn.com/college-football/game/_/gameId/401866408
CFB,2026,1,401858201,2026-08-29T23:00Z,post,true,Hawai'i Rainbow Warriors,HAW,27,0-1,Stanford Cardinal,STAN,37,1-0,false,false,Stanford Stadium,ACC Network,,,,,https://www.espn.com/college-football/game/_/gameId/401858201
CFB,2026,1,401864570,2026-08-29T23:00Z,post,true,New Mexico State Aggies,NMSU,17,0-1,Florida State Seminoles,FSU,34,1-0,false,false,Doak Campbell Stadium,CW,,,,,https://www.espn.com/college-football/game/_/gameId/401864570
CFB,2026,1,401862693,2026-08-30T02:00Z,post,true,Memphis Tigers,MEM,27,1-0,UNLV Rebels,UNLV,21,0-1,false,false,Allegiant Stadium,FOX,,,,,https://www.espn.com/college-football/game/_/gameId/401862693
CFB,2026,1,401858423,2026-09-03T22:00Z,post,true,Massachusetts Minutemen,MASS,37,1-0,Rutgers Scarlet Knights,RUTG,21,0-1,false,false,SHI Stadium,BTN,,,,,https://www.espn.com/college-football/game/_/gameId/401858423
CFB,2026,1,401856767,2026-09-03T23:00Z,post,true,Bethune-Cookman Wildcats,BCU,6,0-1,UCF Knights,UCF,73,1-0,false,false,Acrisure Bounce House,ESPN+,,,,,https://www.espn.com/college-football/game/_/gameId/401856767
CFB,2026,1,401858204,2026-09-03T23:00Z,post,true,Akron Zips,AKR,16,0-1,Wake Forest Demon Deacons,WAKE,38,1-0,false,false,Allegacy Federal Credit Union Stadium,ACC Network,,,,,https://www.espn.com/college-football/game/_/gameId/401858204
CFB,2026,1,401864424,2026-09-03T23:00Z,post,true,Merrimack Warriors,MRMK,7,0-2,Delaware Blue Hens,DEL,42,1-0,false,false,Delaware Stadium,ESPN+,,,,,https://www.espn.com/college-football/game/_/gameId/401864424
CFB,2026,1,401864425,2026-09-03T23:00Z,post,true,West Georgia Wolves,WES,0,0-2,Kennesaw State Owls,KENN,47,1-0,false,false,Walens Family Field at Fifth Third Stadium,ESPN+,,,,,https://www.espn.com/college-football/game/_/gameId/401864425
CFB,2026,1,401866409,2026-09-03T23:00Z,post,true,UAlbany Great Danes,ALB,17,1-1,Buffalo Bulls,BUFF,21,1-0,false,false,Broadview Stadium,ESPN+,,,,,https://www.espn.com/college-football/game/_/gameId/401866409
CFB,2026,1,401856663,2026-09-04T00:00Z,post,true,Arkansas-Pine Bluff Golden Lions,UAPB,14,1-1,Missouri Tigers,MIZ,54,1-0,false,false,Memorial Stadium,SEC Network,,,,,https://www.espn.com/college-football/game/_/gameId/401856663
CFB,2026,1,401856776,2026-09-04T00:00Z,post,true,Colorado Buffaloes,COLO,14,1-0,Georgia Tech Yellow Jackets,GT,13,0-1,false,false,Bobby Dodd Stadium,ESPN,,,,,https://www.espn.com/college-football/game/_/gameId/401856776
CFB,2026,1,401858422,2026-09-04T00:00Z,post,true,Eastern Illinois Panthers,EIU,7,0-1,Minnesota Golden Gophers,MINN,59,1-0,false,false,Huntington Bank Stadium,Peacock,,,,,https://www.espn.com/college-football/game/_/gameId/401858422
CFB,2026,1,401856768,2026-09-04T01:00Z,post,true,Idaho Vandals,IDHO,14,0-2,Utah Utes,UTAH,66,1-0,false,false,Rice-Eccles Stadium,ESPNU,,,,,https://www.espn.com/college-football/game/_/gameId/401856768
CFB,2026,1,401858424,2026-09-04T01:00Z,post,true,UAB Blazers,UAB,23,0-1,Illinois Fighting Illini,ILL,42,1-0,false,false,Gies Memorial Stadium,BTN,,,,,https://www.espn.com/college-football/game/_/gameId/401858424
CFB,2026,1,401864495,2026-09-04T22:30Z,post,true,San José State Spartans,SJSU,27,1-1,Eastern Michigan Eagles,EMU,21,1-1,false,false,Rynearson Stadium,ESPN+,,,,,https://www.espn.com/college-football/game/_/gameId/401864495
CFB,2026,1,401858435,2026-09-04T23:00Z,post,true,Indiana State Sycamores,INST,19,0-2,Purdue Boilermakers,PUR,44,1-0,false,false,Ross-Ade Stadium,BTN,,,,,https://www.espn.com/college-football/game/_/gameId/401858435
CFB,2026,1,401866623,2026-09-04T23:00Z,post,true,North Carolina A&T Aggies,NCAT,10,0-2,Georgia State Panthers,GAST,59,1-0,false,false,Center Parc Stadium,ESPN+,,,,,https://www.espn.com/college-football/game/_/gameId/401866623
CFB,2026,1,401856664,2026-09-05T00:00Z,post,true,UTEP Miners,UTEP,0,0-1,Oklahoma Sooners,OU,51,1-0,false,false,"Memorial Stadium (Norman, OK)",SECN+,,,,,https://www.espn.com/college-football/game/_/gameId/401856664
CFB,2026,1,401856769,2026-09-05T00:00Z,post,true,Long Island University Sharks,LIU,6,0-2,Kansas Jayhawks,KU,51,1-0,false,false,David Booth Kansas Memorial Stadium,ESPNU,,,,,https://www.espn.com/college-football/game/_/gameId/401856769
CFB,2026,1,401858429,2026-09-05T00:00Z,post,true,Toledo Rockets,TOL,20,0-1,Michigan State Spartans,MSU,30,1-0,false,false,Spartan Stadium,FS1,,,,,https://www.espn.com/college-football/game/_/gameId/401858429
CFB,2026,1,401858206,2026-09-05T01:00Z,post,true,Miami Hurricanes,MIA,45,1-0,Stanford Cardinal,STAN,6,1-1,false,true,Stanford Stadium,ESPN,,,,,https://www.espn.com/college-football/game/_/gameId/401858206
CFB,2026,1,401858436,2026-09-05T01:00Z,post,true,Fresno State Bulldogs,FRES,0,0-1,USC Trojans,USC,39,2-0,false,false,Los Angeles Memorial Coliseum,FOX,,,,,https://www.espn.com/college-football/game/_/gameId/401858436
CFB,2026,1,401856634,2026-09-05T16:00Z,post,true,East Carolina Pirates,ECU,10,0-1,Alabama Crimson Tide,ALA,48,1-0,false,false,Bryant-Denny Stadium,ABC,,,,,https://www.espn.com/college-football/game/_/gameId/401856634
CFB,2026,1,401856778,2026-09-05T16:00Z,post,true,Oregon State Beavers,ORST,20,0-1,Houston Cougars,HOU,33,1-0,false,false,TDECU Stadium,ESPNEWS / Disney+,,,,,https://www.espn.com/college-football/game/_/gameId/401856778
CFB,2026,1,401856780,2026-09-05T16:00Z,post,true,Coastal Carolina Chanticleers,CCU,24,0-1,West Virginia Mountaineers,WVU,31,1-0,false,false,Milan Puskar Stadium,TNT,,,,,https://www.espn.com/college-football/game/_/gameId/401856780
CFB,2026,1,401858208,2026-09-05T16:00Z,post,true,New Hampshire Wildcats,UNH,3,0-2,Syracuse Orange,SYR,66,1-0,false,false,JMA Wireless Dome,ACC Network / ACCNX,,,,,https://www.espn.com/college-football/game/_/gameId/401858208
CFB,2026,1,401858425,2026-09-05T16:00Z,post,true,North Texas Mean Green,UNT,16,0-1,Indiana Hoosiers,IU,52,1-0,false,false,"Memorial Stadium (Bloomington, IN)",FOX,,,,,https://www.espn.com/college-football/game/_/gameId/401858425
CFB,2026,1,401858430,2026-09-05T16:00Z,post,true,Ohio Bobcats,OHIO,21,0-1,Nebraska Cornhuskers,NEB,49,1-0,false,false,"Memorial Stadium (Lincoln, NE)",FS1,,,,,https://www.espn.com/college-football/game/_/gameId/401858430
CFB,2026,1,401861962,2026-09-05T16:00Z,post,true,Lafayette Leopards,LAF,7,0-1,UConn Huskies,CONN,56,1-0,false,false,Pratt & Whitney Stadium,UConn+,,,,,https://www.espn.com/college-football/game/_/gameId/401861962
CFB,2026,1,401862701,2026-09-05T16:00Z,post,true,Bryant Bulldogs,BRY,3,1-1,Army Black Knights,ARMY,59,1-0,false,false,Michie Stadium,CBSSN,,,,,https://www.espn.com/college-football/game/_/gameId/401862701
CFB,2026,1,401866410,2026-09-05T16:00Z,post,true,Tarleton State Texans,TAR,20,2-0,Bowling Green Falcons,BGSU,13,0-1,false,false,Doyt L. Perry Stadium,ESPN+,,,,,https://www.espn.com/college-football/game/_/gameId/401866410
CFB,2026,1,401869960,2026-09-05T16:00Z,post,true,Liberty Flames,LIB,13,0-1,James Madison Dukes,JMU,20,1-0,false,false,Bridgeforth Stadium,ESPNU,,,,,https://www.espn.com/college-football/game/_/gameId/401869960
CFB,2026,1,401858207,2026-09-05T16:30Z,post,true,Miami (OH) RedHawks,M-OH,14,0-1,Pittsburgh Panthers,PITT,59,1-0,false,false,Acrisure Stadium,CW,,,,,https://www.espn.com/college-football/game/_/gameId/401858207
CFB,2026,1,401858432,2026-09-05T16:30Z,post,true,Ball State Cardinals,BALL,3,0-1,Ohio State Buckeyes,OSU,56,1-0,false,false,Ohio Stadium,BTN,,,,,https://www.espn.com/college-football/game/_/gameId/401858432
CFB,2026,1,401856665,2026-09-05T16:45Z,post,true,Kent State Golden Flashes,KENT,0,0-1,South Carolina Gamecocks,SC,57,1-0,false,false,Williams-Brice Stadium,SEC Network,,,,,https://www.espn.com/college-football/game/_/gameId/401856665
CFB,2026,1,401856659,2026-09-05T17:00Z,post,true,Youngstown State Penguins,YSU,13,1-1,Kentucky Wildcats,UK,45,1-0,false,false,Kroger Field,SECN+,,,,,https://www.espn.com/college-football/game/_/gameId/401856659
CFB,2026,1,401856779,2026-09-05T17:00Z,post,true,Southeast Missouri State Redhawks,SEMO,10,1-1,Iowa State Cyclones,ISU,38,1-0,false,false,Jack Trice Stadium,ESPN+,,,,,https://www.espn.com/college-football/game/_/gameId/401856779
CFB,2026,1,401864496,2026-09-05T17:00Z,post,true,Duquesne Dukes,DUQ,0,0-1,Air Force Falcons,AFA,34,1-0,false,false,Falcon Stadium,MW+,,,,,https://www.espn.com/college-football/game/_/gameId/401864496
CFB,2026,1,401862698,2026-09-05T18:00Z,post,true,Rhode Island Rams,URI,14,1-1,Temple Owls,TEM,38,1-0,false,false,Lincoln Financial Field,ESPN+,,,,,https://www.espn.com/college-football/game/_/gameId/401862698
CFB,2026,1,401856658,2026-09-05T19:00Z,post,true,Tennessee State Tigers,TNST,3,0-2,Georgia Bulldogs,UGA,63,1-0,false,false,Sanford Stadium,SECN+,,,,,https://www.espn.com/college-football/game/_/gameId/401856658
CFB,2026,1,401856636,2026-09-05T19:30Z,post,true,Baylor Bears,BAY,16,0-1,Auburn Tigers,AUB,17,1-0,true,false,Mercedes-Benz Stadium,ABC / Disney+,,,,,https://www.espn.com/college-football/game/_/gameId/401856636
CFB,2026,1,401856666,2026-09-05T19:30Z,post,true,Furman Paladins,FUR,9,1-1,Tennessee Volunteers,TENN,56,1-0,false,false,Neyland Stadium,SECN+,,,,,https://www.espn.com/college-football/game/_/gameId/401856666
CFB,2026,1,401856667,2026-09-05T19:30Z,post,true,Texas State Bobcats,TXST,7,0-1,Texas Longhorns,TEX,59,1-0,false,false,DKR-Texas Memorial Stadium,ESPN,,,,,https://www.espn.com/college-football/game/_/gameId/401856667
CFB,2026,1,401856777,2026-09-05T19:30Z,post,true,Boston College Eagles,BC,15,0-1,Cincinnati Bearcats,CIN,34,1-0,false,false,Nippert Stadium,FOX,,,,,https://www.espn.com/college-football/game/_/gameId/401856777
CFB,2026,1,401858209,2026-09-05T19:30Z,post,true,Tulane Green Wave,TULN,3,0-1,Duke Blue Devils,DUKE,17,1-0,false,false,Wallace Wade Stadium,ACC Network / ACCNX,,,,,https://www.espn.com/college-football/game/_/gameId/401858209
CFB,2026,1,401858433,2026-09-05T19:30Z,post,true,Boise State Broncos,BOIS,27,0-1,Oregon Ducks,ORE,34,1-0,false,false,Autzen Stadium,CBS,,,,,https://www.espn.com/college-football/game/_/gameId/401858433
CFB,2026,1,401858434,2026-09-05T19:30Z,post,true,Marshall Thundering Herd,MRSH,0,0-1,Penn State Nittany Lions,PSU,45,1-0,false,false,Beaver Stadium,FS1,,,,,https://www.espn.com/college-football/game/_/gameId/401858434
CFB,2026,1,401862694,2026-09-05T19:30Z,post,true,The Citadel Bulldogs,CIT,43,1-1,Charlotte 49ers,CLT,41,0-1,false,false,Jerry Richardson Stadium,ESPN+,,,,,https://www.espn.com/college-football/game/_/gameId/401862694
CFB,2026,1,401862696,2026-09-05T19:30Z,post,true,Towson Tigers,TOW,15,0-2,Navy Midshipmen,NAVY,42,1-0,false,false,Navy-Marine Corps Memorial Stadium,CBSSN,,,,,https://www.espn.com/college-football/game/_/gameId/401862696
CFB,2026,1,401862700,2026-09-05T19:30Z,post,true,UT Rio Grande Valley Vaqueros,RGV,16,1-1,UTSA Roadrunners,UTSA,45,1-0,false,false,Alamodome,ESPN+,,,,,https://www.espn.com/college-football/game/_/gameId/401862700
CFB,2026,1,401864499,2026-09-05T19:30Z,post,true,Fordham Rams,FOR,0,0-2,North Dakota State Bison,NDSU,38,2-0,false,false,Fargodome,MW+,,,,,https://www.espn.com/college-football/game/_/gameId/401864499
CFB,2026,1,401866627,2026-09-05T19:30Z,post,true,Maine Black Bears,ME,3,1-1,App State Mountaineers,APP,55,1-0,false,false,Kidd Brewer Stadium,ESPN+,,,,,https://www.espn.com/college-football/game/_/gameId/401866627
CFB,2026,1,401856772,2026-09-05T19:45Z,post,true,Oklahoma State Cowboys,OKST,10,0-1,Tulsa Golden Hurricane,TLSA,24,1-0,false,false,H. A. Chapman Stadium,ESPNU,,,,,https://www.espn.com/college-football/game/_/gameId/401856772
CFB,2026,1,401856635,2026-09-05T20:15Z,post,true,North Alabama Lions,UNA,14,1-1,Arkansas Razorbacks,ARK,31,1-0,false,false,Donald W. Reynolds Razorback Stadium,SEC Network,,,,,https://www.espn.com/college-football/game/_/gameId/401856635
CFB,2026,1,401858426,2026-09-05T20:15Z,post,true,Northern Illinois Huskies,NIU,0,0-1,Iowa Hawkeyes,IOWA,40,1-0,false,false,Kinnick Stadium,BTN,,,,,https://www.espn.com/college-football/game/_/gameId/401858426
CFB,2026,1,401868356,2026-09-05T21:00Z,post,true,Alcorn State Braves,ALCN,3,1-1,Southern Miss Golden Eagles,USM,49,1-0,false,false,M. M. Roberts Stadium,ESPN+,,,,,https://www.espn.com/college-football/game/_/gameId/401868356
CFB,2026,1,401860878,2026-09-05T22:00Z,post,true,Wyoming Cowboys,WYO,13,0-1,Colorado State Rams,CSU,35,1-0,false,false,Canvas Stadium,USA Net,,,,,https://www.espn.com/college-football/game/_/gameId/401860878
CFB,2026,1,401867973,2026-09-05T22:00Z,post,true,Norfolk State Spartans,NORF,10,1-1,Old Dominion Monarchs,ODU,31,1-0,false,false,S.B. Ballard Stadium,ESPN+,,,,,https://www.espn.com/college-football/game/_/gameId/401867973
CFB,2026,1,401856668,2026-09-05T23:00Z,post,true,Missouri State Bears,MOST,0,0-1,Texas A&M Aggies,TA&M,50,1-0,false,false,Kyle Field,ESPN,,,,,https://www.espn.com/college-football/game/_/gameId/401856668
CFB,2026,1,401856669,2026-09-05T23:00Z,post,true,Austin Peay Governors,APSU,9,1-1,Vanderbilt Commodores,VAN,28,1-0,false,false,FirstBank Stadium,SECN+,,,,,https://www.espn.com/college-football/game/_/gameId/401856669
CFB,2026,1,401856770,2026-09-05T23:00Z,post,true,Abilene Christian Wildcats,ACU,10,0-2,Texas Tech Red Raiders,TTU,33,1-0,false,false,Galaxy Stadium,FS1,,,,,https://www.espn.com/college-football/game/_/gameId/401856770
CFB,2026,1,401856771,2026-09-05T23:00Z,post,true,Nicholls Colonels,NICH,3,1-1,Kansas State Wildcats,KSU,71,1-0,false,false,Bill Snyder Family Stadium,ESPN+,,,,,https://www.espn.com/college-football/game/_/gameId/401856771
CFB,2026,1,401860880,2026-09-05T23:00Z,post,true,Idaho State Bengals,IDST,29,2-0,Utah State Aggies,USU,17,0-1,false,false,Maverik Stadium,CBSSN,,,,,https://www.espn.com/college-football/game/_/gameId/401860880
CFB,2026,1,401862695,2026-09-05T23:00Z,post,true,Arkansas State Red Wolves,ARST,24,0-1,Memphis Tigers,MEM,42,2-0,false,false,Simmons Bank Liberty Stadium,ESPN+,,,,,https://www.espn.com/college-football/game/_/gameId/401862695
CFB,2026,1,401862697,2026-09-05T23:00Z,post,true,Houston Christian Huskies,HCU,3,1-1,Rice Owls,RICE,31,1-0,false,false,Rice Stadium,ESPN+,,,,,https://www.espn.com/college-football/game/_/gameId/401862697
CFB,2026,1,401862699,2026-09-05T23:00Z,post,true,Florida International Panthers,FIU,9,0-1,South Florida Bulls,USF,19,1-0,false,false,Raymond James Stadium,ESPN+,,,,,https://www.espn.com/college-football/game/_/gameId/401862699
CFB,2026,1,401868140,2026-09-05T23:00Z,post,true,Eastern Kentucky Colonels,EKU,7,0-2,Jacksonville State Gamecocks,JXST,49,1-1,false,false,AmFirst Stadium,ESPN+,,,,,https://www.espn.com/college-football/game/_/gameId/401868140
CFB,2026,1,401868170,2026-09-05T23:00Z,post,true,Charleston Southern Buccaneers,CHSO,0,0-2,Georgia Southern Eagles,GASO,31,1-0,false,false,Allen E. Paulson Stadium,ESPN+,,,,,https://www.espn.com/college-football/game/_/gameId/401868170
CFB,2026,1,401868316,2026-09-05T23:00Z,post,true,SE Louisiana Lions,SELA,14,0-2,South Alabama Jaguars,USA,39,1-0,false,false,Hancock Whitney Stadium,ESPN+,,,,,https://www.espn.com/college-football/game/_/gameId/401868316
CFB,2026,1,401870763,2026-09-05T23:00Z,post,true,Sam Houston Bearkats,SHSU,21,0-1,Troy Trojans,TROY,24,1-0,false,false,Veterans Memorial Stadium (AL),ESPN+,,,,,https://www.espn.com/college-football/game/_/gameId/401870763
CFB,2026,1,401856662,2026-09-05T23:30Z,post,true,UL Monroe Warhawks,ULM,13,0-1,Mississippi State Bulldogs,MSST,62,1-0,false,false,Davis Wade Stadium,ESPNU,,,,,https://www.espn.com/college-football/game/_/gameId/401856662
CFB,2026,1,401858211,2026-09-05T23:30Z,post,true,VMI Keydets,VMI,3,0-2,Virginia Tech Hokies,VT,73,1-0,false,false,Lane Stadium,ACC Network / ACCNX,,,,,https://www.espn.com/college-football/game/_/gameId/401858211
CFB,2026,1,401858428,2026-09-05T23:30Z,post,true,Western Michigan Broncos,WMU,12,0-1,Michigan Wolverines,MICH,13,1-0,false,false,Michigan Stadium,NBC,,,,,https://www.espn.com/college-football/game/_/gameId/401858428
CFB,2026,1,401869129,2026-09-05T23:30Z,post,true,Northwestern State Demons,NWST,6,0-2,Louisiana Tech Bulldogs,LT,80,1-0,false,false,Joe Aillet Stadium,ESPN+,,,,,https://www.espn.com/college-football/game/_/gameId/401869129
CFB,2026,1,401856637,2026-09-05T23:45Z,post,true,Florida Atlantic Owls,FAU,21,0-1,Florida Gators,FLA,66,1-0,false,false,Ben Hill Griffin Stadium,SEC Network,,,,,https://www.espn.com/college-football/game/_/gameId/401856637
CFB,2026,1,401867866,2026-09-05T23:45Z,post,true,Murray State Racers,MUR,14,0-2,Middle Tennessee Blue Raiders,MTSU,38,1-0,false,false,"Johnny ""Red"" Floyd Stadium",ESPN+,,,,,https://www.espn.com/college-football/game/_/gameId/401867866
CFB,2026,1,401856775,2026-09-06T00:00Z,post,true,Utah Tech Trailblazers,UTU,7,0-2,BYU Cougars,BYU,63,1-0,false,false,LaVell Edwards Stadium,ESPN+,,,,,https://www.espn.com/college-football/game/_/gameId/401856775
CFB,2026,1,401858427,2026-09-06T00:00Z,post,true,Hampton Pirates,HAMP,0,1-1,Maryland Terrapins,MD,62,1-0,false,false,SECU Stadium,BTN,,,,,https://www.espn.com/college-football/game/_/gameId/401858427
CFB,2026,1,401858431,2026-09-06T00:00Z,post,true,South Dakota State Jackrabbits,SDST,18,1-1,Northwestern Wildcats,NU,34,1-0,false,false,Northwestern Medicine Field at Martin Stadium,BTN,,,,,https://www.espn.com/college-football/game/_/gameId/401858431
CFB,2026,1,401869142,2026-09-06T00:00Z,post,true,Lamar Cardinals,LAM,7,1-1,Louisiana Ragin' Cajuns,UL,38,1-0,false,false,Our Lady of Lourdes Stadium,ESPN+,,,,,https://www.espn.com/college-football/game/_/gameId/401869142
CFB,2026,1,401870790,2026-09-06T01:00Z,post,true,Mercyhurst Lakers,MERC,14,0-2,New Mexico State Aggies,NMSU,51,1-1,false,false,Aggie Memorial Stadium,ESPN+,,,,,https://www.espn.com/college-football/game/_/gameId/401870790
CFB,2026,1,401856773,2026-09-06T01:30Z,post,true,Northern Arizona Lumberjacks,NAU,7,1-1,Arizona Wildcats,ARIZ,35,1-0,false,false,Casino Del Sol Stadium,ESPN+,,,,,https://www.espn.com/college-football/game/_/gameId/401856773
CFB,2026,1,401860879,2026-09-06T01:30Z,post,true,Portland State Vikings,PRST,20,0-2,San Diego State Aztecs,SDSU,53,1-0,false,false,Snapdragon Stadium,USA Net,,,,,https://www.espn.com/college-football/game/_/gameId/401860879
CFB,2026,1,401856660,2026-09-06T01:40Z,post,true,Clemson Tigers,CLEM,10,0-1,LSU Tigers,LSU,51,1-0,false,false,Tiger Stadium (LA),ABC,,,,,https://www.espn.com/college-football/game/_/gameId/401856660
CFB,2026,1,401856774,2026-09-06T02:00Z,post,true,Morgan State Bears,MORG,7,1-1,Arizona State Sun Devils,ASU,70,1-0,false,false,Mountain America Stadium,ESPN+,,,,,https://www.espn.com/college-football/game/_/gameId/401856774
CFB,2026,1,401864497,2026-09-06T02:00Z,post,true,UNLV Rebels,UNLV,21,1-1,Hawai'i Rainbow Warriors,HAW,6,0-2,false,true,Clarence T.C. Ching Athletics Complex,CW,,,,,https://www.espn.com/college-football/game/_/gameId/401864497
CFB,2026,1,401864498,2026-09-06T02:00Z,post,true,Central Michigan Chippewas,CMU,7,0-1,New Mexico Lobos,UNM,38,1-0,false,false,University Stadium (NM),FS1,,,,,https://www.espn.com/college-football/game/_/gameId/401864498
CFB,2026,1,401866411,2026-09-06T02:00Z,post,true,Mississippi Valley State Delta Devils,MVSU,0,0-2,Sacramento State Hornets,SAC,52,1-1,false,false,Hornet Stadium,ESPN+,,,,,https://www.espn.com/college-football/game/_/gameId/401866411
CFB,2026,1,401858210,2026-09-06T02:30Z,post,true,UCLA Bruins,UCLA,45,1-0,California Golden Bears,CAL,24,0-1,false,false,California Memorial Stadium,ESPN,,,,,https://www.espn.com/college-football/game/_/gameId/401858210
CFB,2026,1,401864432,2026-09-06T02:30Z,post,true,Western Kentucky Hilltoppers,WKU,14,0-1,Nevada Wolf Pack,NEV,49,1-0,false,false,Mackay Stadium,CBSSN,,,,,https://www.espn.com/college-football/game/_/gameId/401864432
CFB,2026,1,401858437,2026-09-06T20:00Z,post,true,Washington State Cougars,WSU,10,0-1,Washington Huskies,WASH,24,1-0,false,false,Husky Stadium,NBC,,,,,https://www.espn.com/college-football/game/_/gameId/401858437
CFB,2026,1,401856661,2026-09-06T23:30Z,post,true,Louisville Cardinals,LOU,38,0-1,Ole Miss Rebels,MISS,41,1-0,true,false,Nissan Stadium,ABC,,,,,https://www.espn.com/college-football/game/_/gameId/401856661
CFB,2026,1,401858438,2026-09-06T23:30Z,post,true,Wisconsin Badgers,WIS,13,0-1,Notre Dame Fighting Irish,ND,41,1-0,true,false,Lambeau Field,NBC,,,,,https://www.espn.com/college-football/game/_/gameId/401858438
CFB,2026,1,401858212,2026-09-07T23:30Z,post,true,SMU Mustangs,SMU,27,1-0,Florida State Seminoles,FSU,24,1-1,false,true,Doak Campbell Stadium,ESPN,,,,,https://www.espn.com/college-football/game/_/gameId/401858212
CFB,2026,2,401858213,2026-09-11T00:00Z,post,true,Florida A&M Rattlers,FAMU,7,1-2,Miami Hurricanes,MIA,77,2-0,false,false,Hard Rock Stadium,ACC Network,,,,,https://www.espn.com/college-football/game/_/gameId/401858213
CFB,2026,2,401858215,2026-09-11T23:00Z,post,true,Villanova Wildcats,VILL,13,1-2,Louisville Cardinals,LOU,59,1-1,false,false,L&N Federal Credit Union Stadium,ACC Network,,,,,https://www.espn.com/college-football/game/_/gameId/401858215
CFB,2026,2,401858220,2026-09-11T23:00Z,post,true,Norfolk State Spartans,NORF,3,1-2,Virginia Cavaliers,UVA,59,2-0,false,false,Scott Stadium,ACCNX,,,,,https://www.espn.com/college-football/game/_/gameId/401858220
CFB,2026,2,401858222,2026-09-11T23:00Z,post,true,Richmond Spiders,RICH,0,2-1,NC State Wolfpack,NCSU,73,1-1,false,false,Carter-Finley Stadium,ESPNU,,,,,https://www.espn.com/college-football/game/_/gameId/401858222
CFB,2026,2,401858214,2026-09-11T23:30Z,post,true,Rutgers Scarlet Knights,RUTG,21,0-2,Boston College Eagles,BC,28,1-1,false,false,"Alumni Stadium (Chestnut Hill, MA)",ESPN2,,,,,https://www.espn.com/college-football/game/_/gameId/401858214
CFB,2026,2,401856678,2026-09-12T00:00Z,post,true,Missouri Tigers,MIZ,38,2-0,Kansas Jayhawks,KU,21,1-1,false,false,David Booth Kansas Memorial Stadium,FOX,,,,,https://www.espn.com/college-football/game/_/gameId/401856678
CFB,2026,2,401856679,2026-09-12T16:00Z,post,true,Oklahoma Sooners,OU,10,1-1,Michigan Wolverines,MICH,17,2-0,false,false,Michigan Stadium,FOX,,,,,https://www.espn.com/college-football/game/_/gameId/401856679
CFB,2026,2,401856683,2026-09-12T16:00Z,post,true,Arizona State Sun Devils,ASU,20,1-1,Texas A&M Aggies,TA&M,48,2-0,false,false,Kyle Field,ABC,,,,,https://www.espn.com/college-football/game/_/gameId/401856683
CFB,2026,2,401856781,2026-09-12T16:00Z,post,true,Washington State Cougars,WSU,7,0-2,Kansas State Wildcats,KSU,34,2-0,false,false,Bill Snyder Family Stadium,TNT,,,,,https://www.espn.com/college-football/game/_/gameId/401856781
CFB,2026,2,401858218,2026-09-12T16:00Z,post,true,East Tennessee State Buccaneers,ETSU,3,1-2,North Carolina Tar Heels,UNC,35,2-0,false,false,Kenan Stadium,ACCNX,,,,,https://www.espn.com/college-football/game/_/gameId/401858218
CFB,2026,2,401858221,2026-09-12T16:00Z,post,true,Old Dominion Monarchs,ODU,21,1-1,Virginia Tech Hokies,VT,44,2-0,false,false,Lane Stadium,CW,,,,,https://www.espn.com/college-football/game/_/gameId/401858221
CFB,2026,2,401858224,2026-09-12T16:00Z,post,true,Wake Forest Demon Deacons,WAKE,38,2-0,Purdue Boilermakers,PUR,36,1-1,false,false,Ross-Ade Stadium,FS1,,,,,https://www.espn.com/college-football/game/_/gameId/401858224
CFB,2026,2,401858439,2026-09-12T16:00Z,post,true,Howard Bison,HOW,0,1-2,Indiana Hoosiers,IU,55,2-0,false,false,"Memorial Stadium (Bloomington, IN)",BTN,,,,,https://www.espn.com/college-football/game/_/gameId/401858439
CFB,2026,2,401858442,2026-09-12T16:00Z,post,true,Penn State Nittany Lions,PSU,27,2-0,Temple Owls,TEM,9,1-1,false,false,Lincoln Financial Field,ESPN2,,,,,https://www.espn.com/college-football/game/_/gameId/401858442
CFB,2026,2,401862702,2026-09-12T16:00Z,post,true,South Florida Bulls,USF,28,2-0,Army Black Knights,ARMY,24,1-1,false,true,Michie Stadium,CBSSN,,,,,https://www.espn.com/college-football/game/_/gameId/401862702
CFB,2026,2,401864571,2026-09-12T16:00Z,post,true,App State Mountaineers,APP,27,2-0,East Carolina Pirates,ECU,24,0-2,false,false,Dowdy-Ficklen Stadium,ESPNU,,,,,https://www.espn.com/college-football/game/_/gameId/401864571
CFB,2026,2,401866416,2026-09-12T16:00Z,post,true,Wofford Terriers,WOF,15,2-1,Kent State Golden Flashes,KENT,36,1-1,false,false,Zoeller Field at Dix Stadium,ESPN+,,,,,https://www.espn.com/college-football/game/_/gameId/401866416
CFB,2026,2,401867929,2026-09-12T16:00Z,post,true,Wagner Seahawks,WAG,3,1-2,James Madison Dukes,JMU,87,2-0,false,false,Bridgeforth Stadium,ESPN+,,,,,https://www.espn.com/college-football/game/_/gameId/401867929
CFB,2026,2,401868187,2026-09-12T16:00Z,post,true,Gardner-Webb Runnin' Bulldogs,GWEB,23,0-3,Liberty Flames,LIB,24,1-1,false,false,Williams Stadium (VA),ESPN+,,,,,https://www.espn.com/college-football/game/_/gameId/401868187
CFB,2026,2,401856673,2026-09-12T16:45Z,post,true,Western Kentucky Hilltoppers,WKU,20,0-2,Georgia Bulldogs,UGA,70,2-0,false,false,Sanford Stadium,SEC Network,,,,,https://www.espn.com/college-football/game/_/gameId/401856673
CFB,2026,2,401856791,2026-09-12T17:00Z,post,true,UT Martin Skyhawks,UTM,7,1-2,West Virginia Mountaineers,WVU,52,2-0,false,false,Milan Puskar Stadium,ESPN+,,,,,https://www.espn.com/college-football/game/_/gameId/401856791
CFB,2026,2,401866415,2026-09-12T17:00Z,post,true,Colgate Raiders,COLG,10,2-1,Central Michigan Chippewas,CMU,13,1-1,false,false,Kelly/Shorts Stadium,ESPN+,,,,,https://www.espn.com/college-football/game/_/gameId/401866415
CFB,2026,2,401866417,2026-09-12T17:00Z,post,true,Holy Cross Crusaders,HC,7,0-3,Miami (OH) RedHawks,M-OH,45,1-1,false,false,Yager Stadium,ESPN+,,,,,https://www.espn.com/college-football/game/_/gameId/401866417
CFB,2026,2,401856782,2026-09-12T17:30Z,post,true,Oregon Ducks,ORE,31,1-1,Oklahoma State Cowboys,OKST,39,1-1,false,false,Boone Pickens Stadium,ESPNEWS / Disney+,,,,,https://www.espn.com/college-football/game/_/gameId/401856782
CFB,2026,2,401866413,2026-09-12T18:00Z,post,true,Stony Brook Seawolves,STBK,17,1-2,Ball State Cardinals,BALL,41,1-1,false,false,Scheumann Stadium,ESPN+,,,,,https://www.espn.com/college-football/game/_/gameId/401866413
CFB,2026,2,401856674,2026-09-12T19:30Z,post,true,Alabama Crimson Tide,ALA,45,2-0,Kentucky Wildcats,UK,17,1-1,false,true,Kroger Field,ABC / Disney+,,,,,https://www.espn.com/college-football/game/_/gameId/401856674
CFB,2026,2,401856677,2026-09-12T19:30Z,post,true,Mississippi State Bulldogs,MSST,38,2-0,Minnesota Golden Gophers,MINN,13,1-1,false,false,Huntington Bank Stadium,CBS,,,,,https://www.espn.com/college-football/game/_/gameId/401856677
CFB,2026,2,401856785,2026-09-12T19:30Z,post,true,Weber State Wildcats,WEB,21,1-2,Colorado Buffaloes,COLO,52,2-0,false,false,Folsom Field,ESPN+,,,,,https://www.espn.com/college-football/game/_/gameId/401856785
CFB,2026,2,401856790,2026-09-12T19:30Z,post,true,UCF Knights,UCF,7,1-1,Pittsburgh Panthers,PITT,12,2-0,false,false,Acrisure Stadium,ESPN2,,,,,https://www.espn.com/college-football/game/_/gameId/401856790
CFB,2026,2,401856810,2026-09-12T19:30Z,post,true,Arizona Wildcats,ARIZ,17,1-1,BYU Cougars,BYU,28,2-0,false,true,LaVell Edwards Stadium,FOX,,,,,https://www.espn.com/college-football/game/_/gameId/401856810
CFB,2026,2,401858216,2026-09-12T19:30Z,post,true,California Golden Bears,CAL,21,1-1,Syracuse Orange,SYR,18,1-1,false,true,JMA Wireless Dome,ACC Network,,,,,https://www.espn.com/college-football/game/_/gameId/401858216
CFB,2026,2,401858217,2026-09-12T19:30Z,post,true,Duke Blue Devils,DUKE,31,2-0,Illinois Fighting Illini,ILL,27,1-1,false,false,Gies Memorial Stadium,FS1,,,,,https://www.espn.com/college-football/game/_/gameId/401858217
CFB,2026,2,401858440,2026-09-12T19:30Z,post,true,Eastern Michigan Eagles,EMU,7,1-2,Michigan State Spartans,MSU,35,2-0,false,false,Spartan Stadium,BTN,,,,,https://www.espn.com/college-football/game/_/gameId/401858440
CFB,2026,2,401858444,2026-09-12T19:30Z,post,true,Maryland Terrapins,MD,38,2-0,UConn Huskies,CONN,14,1-1,false,false,Pratt & Whitney Stadium,CBSSN,,,,,https://www.espn.com/college-football/game/_/gameId/401858444
CFB,2026,2,401858446,2026-09-12T19:30Z,post,true,Utah State Aggies,USU,14,0-2,Washington Huskies,WASH,16,2-0,false,false,Husky Stadium,BTN,,,,,https://www.espn.com/college-football/game/_/gameId/401858446
CFB,2026,2,401859184,2026-09-12T19:30Z,post,true,Rice Owls,RICE,0,1-1,Notre Dame Fighting Irish,ND,52,2-0,false,false,Notre Dame Stadium,NBC,,,,,https://www.espn.com/college-football/game/_/gameId/401859184
CFB,2026,2,401860884,2026-09-12T19:30Z,post,true,UTSA Roadrunners,UTSA,31,2-0,Texas State Bobcats,TXST,26,0-2,false,false,UFCU Stadium,CW,,,,,https://www.espn.com/college-football/game/_/gameId/401860884
CFB,2026,2,401862708,2026-09-12T19:30Z,post,true,UL Monroe Warhawks,ULM,20,0-2,UAB Blazers,UAB,26,1-1,false,false,Protective Stadium,ESPN+,,,,,https://www.espn.com/college-football/game/_/gameId/401862708
CFB,2026,2,401866412,2026-09-12T19:30Z,post,true,Robert Morris Colonials,RMU,10,2-1,Akron Zips,AKR,45,1-1,false,false,InfoCision Stadium,ESPN+,,,,,https://www.espn.com/college-football/game/_/gameId/401866412
CFB,2026,2,401866419,2026-09-12T19:30Z,post,true,Central Connecticut Blue Devils,CCSU,10,0-2,Toledo Rockets,TOL,63,1-1,false,false,Glass Bowl,ESPN+,,,,,https://www.espn.com/college-football/game/_/gameId/401866419
CFB,2026,2,401866420,2026-09-12T19:30Z,post,true,Sacred Heart Pioneers,SHU,10,0-2,Massachusetts Minutemen,MASS,37,2-0,false,false,Warren McGuirk Alumni Stadium,ESPN+,,,,,https://www.espn.com/college-football/game/_/gameId/401866420
CFB,2026,2,401862705,2026-09-12T19:45Z,post,true,UNLV Rebels,UNLV,6,1-2,North Texas Mean Green,UNT,44,1-1,false,false,DATCU Stadium,ESPNU,,,,,https://www.espn.com/college-football/game/_/gameId/401862705
CFB,2026,2,401858223,2026-09-12T20:00Z,post,true,UC Davis Aggies,UCD,10,2-1,SMU Mustangs,SMU,56,2-0,false,false,Gerald J. Ford Stadium,ACCNX,,,,,https://www.espn.com/college-football/game/_/gameId/401858223
CFB,2026,2,401864506,2026-09-12T20:00Z,post,true,Northern Colorado Bears,UNCO,13,0-3,Wyoming Cowboys,WYO,21,1-1,false,false,War Memorial Stadium,MW+,,,,,https://www.espn.com/college-football/game/_/gameId/401864506
CFB,2026,2,401865252,2026-09-12T20:00Z,post,true,Mercyhurst Lakers,MERC,7,0-3,New Mexico Lobos,UNM,70,2-0,false,false,University Stadium (NM),MW+,,,,,https://www.espn.com/college-football/game/_/gameId/401865252
CFB,2026,2,401868326,2026-09-12T20:00Z,post,true,Alabama State Hornets,ALST,17,2-1,Troy Trojans,TROY,34,2-0,false,false,Veterans Memorial Stadium (AL),ESPN+,,,,,https://www.espn.com/college-football/game/_/gameId/401868326
CFB,2026,2,401856684,2026-09-12T20:15Z,post,true,Delaware Blue Hens,DEL,26,1-1,Vanderbilt Commodores,VAN,35,2-0,false,false,FirstBank Stadium,SEC Network,,,,,https://www.espn.com/college-football/game/_/gameId/401856684
CFB,2026,2,401856672,2026-09-12T21:30Z,post,true,Campbell Fighting Camels,CAM,3,2-1,Florida Gators,FLA,52,2-0,false,false,Ben Hill Griffin Stadium,SECN+,,,,,https://www.espn.com/college-football/game/_/gameId/401856672
CFB,2026,2,401860881,2026-09-12T22:00Z,post,true,Memphis Tigers,MEM,20,2-1,Boise State Broncos,BOIS,38,1-1,false,false,Albertsons Stadium,USA Net,,,,,https://www.espn.com/college-football/game/_/gameId/401860881
CFB,2026,2,401866414,2026-09-12T22:00Z,post,true,Buffalo Bulls,BUFF,20,1-1,Florida International Panthers,FIU,33,1-1,false,false,Pitbull Stadium,ESPN+,,,,,https://www.espn.com/college-football/game/_/gameId/401866414
CFB,2026,2,401866418,2026-09-12T22:00Z,post,true,Jacksonville State Gamecocks,JXST,27,1-2,Ohio Bobcats,OHIO,29,1-1,false,false,Peden Stadium,ESPN+,,,,,https://www.espn.com/college-football/game/_/gameId/401866418
CFB,2026,2,401866421,2026-09-12T22:30Z,post,true,Monmouth Hawks,MONM,14,1-2,Western Michigan Broncos,WMU,49,1-1,false,false,Waldo Stadium,ESPN+,,,,,https://www.espn.com/college-football/game/_/gameId/401866421
CFB,2026,2,401856680,2026-09-12T23:00Z,post,true,Towson Tigers,TOW,9,0-3,South Carolina Gamecocks,SC,45,2-0,false,false,Williams-Brice Stadium,SECN+,,,,,https://www.espn.com/college-football/game/_/gameId/401856680
CFB,2026,2,401856681,2026-09-12T23:00Z,post,true,Tennessee Volunteers,TENN,45,2-0,Georgia Tech Yellow Jackets,GT,24,0-2,false,false,Bobby Dodd Stadium,ESPN,,,,,https://www.espn.com/college-football/game/_/gameId/401856681
CFB,2026,2,401856786,2026-09-12T23:00Z,post,true,Western Carolina Catamounts,WCU,10,1-2,Cincinnati Bearcats,CIN,62,2-0,false,false,Nippert Stadium,ESPN+,,,,,https://www.espn.com/college-football/game/_/gameId/401856786
CFB,2026,2,401856787,2026-09-12T23:00Z,post,true,Southern Jaguars,SOU,6,1-2,Houston Cougars,HOU,77,2-0,false,false,TDECU Stadium,ESPN+,,,,,https://www.espn.com/college-football/game/_/gameId/401856787
CFB,2026,2,401858441,2026-09-12T23:00Z,post,true,Bowling Green Falcons,BGSU,7,0-2,Nebraska Cornhuskers,NEB,56,2-0,false,false,"Memorial Stadium (Lincoln, NE)",FS1,,,,,https://www.espn.com/college-football/game/_/gameId/401858441
CFB,2026,2,401860882,2026-09-12T23:00Z,post,true,Southern Utah Thunderbirds,SUU,24,1-2,Colorado State Rams,CSU,58,2-0,false,false,Canvas Stadium,CBSSN,,,,,https://www.espn.com/college-football/game/_/gameId/401860882
CFB,2026,2,401862707,2026-09-12T23:00Z,post,true,Tulsa Golden Hurricane,TLSA,23,2-0,Sam Houston Bearkats,SHSU,17,0-2,false,false,Elliott T. Bowers Stadium,ESPN+,,,,,https://www.espn.com/college-football/game/_/gameId/401862707
CFB,2026,2,401864503,2026-09-12T23:00Z,post,true,Illinois State Redbirds,ILST,28,3-0,Northern Illinois Huskies,NIU,24,0-2,false,false,Huskie Stadium,MW+,,,,,https://www.espn.com/college-football/game/_/gameId/401864503
CFB,2026,2,401864575,2026-09-12T23:00Z,post,true,South Alabama Jaguars,USA,24,1-1,Tulane Green Wave,TULN,28,1-1,false,false,Yulman Stadium,ESPN+,,,,,https://www.espn.com/college-football/game/_/gameId/401864575
CFB,2026,2,401868241,2026-09-12T23:00Z,post,true,West Georgia Wolves,WES,7,0-3,Arkansas State Red Wolves,ARST,52,1-1,false,false,Centennial Bank Stadium,ESPN+,,,,,https://www.espn.com/college-football/game/_/gameId/401868241
CFB,2026,2,401869955,2026-09-12T23:00Z,post,true,Georgia State Panthers,GAST,31,2-0,Kennesaw State Owls,KENN,17,1-1,false,false,Walens Family Field at Fifth Third Stadium,ESPN+,,,,,https://www.espn.com/college-football/game/_/gameId/401869955
CFB,2026,2,401871045,2026-09-12T23:00Z,post,true,Middle Tennessee Blue Raiders,MTSU,26,1-1,Marshall Thundering Herd,MRSH,28,1-1,false,false,Joan C. Edwards Stadium,ESPN+,,,,,https://www.espn.com/college-football/game/_/gameId/401871045
CFB,2026,2,401871046,2026-09-12T23:00Z,post,true,Lindenwood Lions,LIN,14,1-2,Missouri State Bears,MOST,48,1-1,false,false,Robert W. Plaster Stadium,ESPN+,,,,,https://www.espn.com/college-football/game/_/gameId/401871046
CFB,2026,2,401858443,2026-09-12T23:15Z,post,true,San Diego State Aztecs,SDSU,10,1-1,UCLA Bruins,UCLA,28,2-0,false,false,Rose Bowl,BTN,,,,,https://www.espn.com/college-football/game/_/gameId/401858443
CFB,2026,2,401858447,2026-09-12T23:15Z,post,true,Western Illinois Leathernecks,WIU,9,1-2,Wisconsin Badgers,WIS,36,1-1,false,false,Camp Randall Stadium,BTN,,,,,https://www.espn.com/college-football/game/_/gameId/401858447
CFB,2026,2,401856682,2026-09-12T23:30Z,post,true,Ohio State Buckeyes,OSU,23,1-1,Texas Longhorns,TEX,24,2-0,false,false,DKR-Texas Memorial Stadium,ABC,,,,,https://www.espn.com/college-football/game/_/gameId/401856682
CFB,2026,2,401856783,2026-09-12T23:30Z,post,true,Texas Tech Red Raiders,TTU,35,2-0,Oregon State Beavers,ORST,24,0-2,false,false,Reser Stadium,CBS,,,,,https://www.espn.com/college-football/game/_/gameId/401856783
CFB,2026,2,401856788,2026-09-12T23:30Z,post,true,Iowa State Cyclones,ISU,13,1-1,Iowa Hawkeyes,IOWA,16,2-0,false,false,Kinnick Stadium,NBC,,,,,https://www.espn.com/college-football/game/_/gameId/401856788
CFB,2026,2,401862703,2026-09-12T23:30Z,post,true,Navy Midshipmen,NAVY,30,1-1,Florida Atlantic Owls,FAU,38,1-1,false,true,Flagler Credit Union Stadium,ESPNU,,,,,https://www.espn.com/college-football/game/_/gameId/401862703
CFB,2026,2,401867796,2026-09-12T23:30Z,post,true,Louisiana Tech Bulldogs,LT,14,1-1,LSU Tigers,LSU,45,2-0,false,false,Tiger Stadium (LA),SECN+,,,,,https://www.espn.com/college-football/game/_/gameId/401867796
CFB,2026,2,401868008,2026-09-12T23:30Z,post,true,Fordham Rams,FOR,7,0-3,Coastal Carolina Chanticleers,CCU,45,1-1,false,false,Brooks Stadium (SC),ESPN+,,,,,https://www.espn.com/college-football/game/_/gameId/401868008
CFB,2026,2,401856676,2026-09-12T23:45Z,post,true,Charlotte 49ers,CLT,9,0-2,Ole Miss Rebels,MISS,41,2-0,false,false,Vaught-Hemingway Stadium,ESPN2,,,,,https://www.espn.com/college-football/game/_/gameId/401856676
CFB,2026,2,401856789,2026-09-13T00:00Z,post,true,Grambling Tigers,GRAM,7,2-1,TCU Horned Frogs,TCU,63,1-1,false,false,Amon G. Carter Stadium,ESPN+,,,,,https://www.espn.com/college-football/game/_/gameId/401856789
CFB,2026,2,401856784,2026-09-13T00:08Z,post,true,Prairie View A&M Panthers,PV,3,1-2,Baylor Bears,BAY,44,1-1,false,false,McLane Stadium,ESPN+,,,,,https://www.espn.com/college-football/game/_/gameId/401856784
CFB,2026,2,401856671,2026-09-13T00:50Z,post,true,Southern Miss Golden Eagles,USM,8,1-1,Auburn Tigers,AUB,43,2-0,false,false,Jordan-Hare Stadium,SEC Network,,,,,https://www.espn.com/college-football/game/_/gameId/401856671
CFB,2026,2,401864504,2026-09-13T01:00Z,post,true,Cal Poly Mustangs,CP,20,2-1,San José State Spartans,SJSU,30,2-1,false,false,CEFCU Stadium,MW+,,,,,https://www.espn.com/college-football/game/_/gameId/401864504
CFB,2026,2,401864505,2026-09-13T01:00Z,post,true,Texas Southern Tigers,TXSO,10,1-2,UTEP Miners,UTEP,51,1-1,false,false,Sun Bowl,MW+,,,,,https://www.espn.com/college-football/game/_/gameId/401864505
CFB,2026,2,401858219,2026-09-13T01:30Z,post,true,Georgia Southern Eagles,GASO,7,1-1,Clemson Tigers,CLEM,22,1-1,false,false,"Memorial Stadium (Clemson, SC)",ACC Network,,,,,https://www.espn.com/college-football/game/_/gameId/401858219
CFB,2026,2,401864502,2026-09-13T02:00Z,post,true,North Dakota State Bison,NDSU,38,3-0,Air Force Falcons,AFA,32,1-1,false,true,Falcon Stadium,FS1,,,,,https://www.espn.com/college-football/game/_/gameId/401864502
CFB,2026,2,401856670,2026-09-13T02:30Z,post,true,Arkansas Razorbacks,ARK,10,1-1,Utah Utes,UTAH,43,2-0,false,false,Rice-Eccles Stadium,ESPN,,,,,https://www.espn.com/college-football/game/_/gameId/401856670
CFB,2026,2,401860883,2026-09-13T02:30Z,post,true,Sacramento State Hornets,SAC,3,1-2,Fresno State Bulldogs,FRES,49,1-1,false,false,Valley Children's Stadium,CBSSN,,,,,https://www.espn.com/college-football/game/_/gameId/401860883
CFB,2026,2,401864500,2026-09-13T02:30Z,post,true,Montana State Bobcats,MTST,20,3-0,Nevada Wolf Pack,NEV,7,1-1,false,false,Mackay Stadium,CW,,,,,https://www.espn.com/college-football/game/_/gameId/401864500
CFB,2026,2,401858445,2026-09-13T03:00Z,post,true,Louisiana Ragin' Cajuns,UL,30,1-1,USC Trojans,USC,49,3-0,false,false,Los Angeles Memorial Coliseum,BTN,,,,,https://www.espn.com/college-football/game/_/gameId/401858445
CFB,2026,2,401864578,2026-09-13T03:59Z,post,true,New Mexico State Aggies,NMSU,19,1-2,Hawai'i Rainbow Warriors,HAW,29,1-2,false,false,Clarence T.C. Ching Athletics Complex,MW+,,,,,https://www.espn.com/college-football/game/_/gameId/401864578
CFB,2026,3,401858225,2026-09-17T23:30Z,post,true,Syracuse Orange,SYR,13,1-2,Pittsburgh Panthers,PITT,27,3-0,false,true,Acrisure Stadium,ESPN,,,,,https://www.espn.com/college-football/game/_/gameId/401858225
CFB,2026,3,401858226,2026-09-18T23:30Z,post,true,Miami Hurricanes,MIA,33,3-0,Wake Forest Demon Deacons,WAKE,20,2-1,false,true,Allegacy Federal Credit Union Stadium,ESPN,,,,,https://www.espn.com/college-football/game/_/gameId/401858226
CFB,2026,3,401856811,2026-09-19T00:00Z,post,true,Houston Cougars,HOU,26,2-1,Texas Tech Red Raiders,TTU,28,3-0,false,true,Galaxy Stadium,FOX,,,,,https://www.espn.com/college-football/game/_/gameId/401856811
CFB,2026,3,401858455,2026-09-19T02:30Z,post,true,Portland State Vikings,PRST,0,0-4,Oregon Ducks,ORE,84,2-1,false,false,Autzen Stadium,BTN,,,,,https://www.espn.com/college-football/game/_/gameId/401858455
CFB,2026,3,401869940,2026-09-19T15:30Z,post,true,Coastal Carolina Chanticleers,CCU,14,1-2,Delaware Blue Hens,DEL,22,2-1,false,false,Delaware Stadium,CBSSN,,,,,https://www.espn.com/college-football/game/_/gameId/401869940
CFB,2026,3,401856686,2026-09-19T16:00Z,post,true,Georgia Bulldogs,UGA,45,3-0,Arkansas Razorbacks,ARK,17,1-2,false,true,Donald W. Reynolds Razorback Stadium,ABC,,,,,https://www.espn.com/college-football/game/_/gameId/401856686
CFB,2026,3,401856792,2026-09-19T16:00Z,post,true,Tulane Green Wave,TULN,20,1-2,Kansas State Wildcats,KSU,31,3-0,false,false,Bill Snyder Family Stadium,ESPN2,,,,,https://www.espn.com/college-football/game/_/gameId/401856792
CFB,2026,3,401856798,2026-09-19T16:00Z,post,true,Bowling Green Falcons,BGSU,7,0-3,Iowa State Cyclones,ISU,55,2-1,false,false,Jack Trice Stadium,ESPNU,,,,,https://www.espn.com/college-football/game/_/gameId/401856798
CFB,2026,3,401856812,2026-09-19T16:00Z,post,true,Arizona State Sun Devils,ASU,24,2-1,Kansas Jayhawks,KU,17,1-2,true,true,Wembley Stadium,FS1,,,,,https://www.espn.com/college-football/game/_/gameId/401856812
CFB,2026,3,401858228,2026-09-19T16:00Z,post,true,Mercer Bears,MER,11,2-2,Georgia Tech Yellow Jackets,GT,44,1-2,false,false,Bobby Dodd Stadium,ACC Network,,,,,https://www.espn.com/college-football/game/_/gameId/401858228
CFB,2026,3,401858229,2026-09-19T16:00Z,post,true,North Carolina Tar Heels,UNC,20,2-1,Clemson Tigers,CLEM,28,2-1,false,true,"Memorial Stadium (Clemson, SC)",ESPNEWS / Disney+,,,,,https://www.espn.com/college-football/game/_/gameId/401858229
CFB,2026,3,401858451,2026-09-19T16:00Z,post,true,Akron Zips,AKR,7,1-2,Minnesota Golden Gophers,MINN,41,2-1,false,false,Huntington Bank Stadium,BTN,,,,,https://www.espn.com/college-football/game/_/gameId/401858451
CFB,2026,3,401858454,2026-09-19T16:00Z,post,true,Kent State Golden Flashes,KENT,3,1-2,Ohio State Buckeyes,OSU,59,2-1,false,false,Ohio Stadium,FOX,,,,,https://www.espn.com/college-football/game/_/gameId/401858454
CFB,2026,3,401858456,2026-09-19T16:00Z,post,true,Buffalo Bulls,BUFF,13,1-2,Penn State Nittany Lions,PSU,55,3-0,false,false,Beaver Stadium,BTN,,,,,https://www.espn.com/college-football/game/_/gameId/401858456
CFB,2026,3,401860889,2026-09-19T16:00Z,post,true,North Texas Mean Green,UNT,35,1-2,Texas State Bobcats,TXST,49,1-2,false,false,UFCU Stadium,USA Net,,,,,https://www.espn.com/college-football/game/_/gameId/401860889
CFB,2026,3,401858460,2026-09-19T16:30Z,post,true,Eastern Michigan Eagles,EMU,10,1-3,Wisconsin Badgers,WIS,54,2-1,false,false,Camp Randall Stadium,Peacock,,,,,https://www.espn.com/college-football/game/_/gameId/401858460
CFB,2026,3,401856695,2026-09-19T16:45Z,post,true,NC State Wolfpack,NCSU,31,1-2,Vanderbilt Commodores,VAN,35,3-0,false,false,FirstBank Stadium,SEC Network,,,,,https://www.espn.com/college-football/game/_/gameId/401856695
CFB,2026,3,401864508,2026-09-19T17:00Z,post,true,Wyoming Cowboys,WYO,10,1-2,Central Michigan Chippewas,CMU,24,2-1,false,false,Kelly/Shorts Stadium,ESPN+,,,,,https://www.espn.com/college-football/game/_/gameId/401864508
CFB,2026,3,401858227,2026-09-19T18:00Z,post,true,Maine Black Bears,ME,16,1-3,Boston College Eagles,BC,22,2-1,false,false,"Alumni Stadium (Chestnut Hill, MA)",ACCNX,,,,,https://www.espn.com/college-football/game/_/gameId/401858227
CFB,2026,3,401858448,2026-09-19T18:00Z,post,true,Southern Illinois Salukis,SIU,10,2-2,Illinois Fighting Illini,ILL,48,2-1,false,false,Gies Memorial Stadium,Peacock,,,,,https://www.espn.com/college-football/game/_/gameId/401858448
CFB,2026,3,401862774,2026-09-19T19:00Z,post,true,Temple Owls,TEM,48,1-2,Toledo Rockets,TOL,49,2-1,false,false,Glass Bowl,CBSSN,,,,,https://www.espn.com/college-football/game/_/gameId/401862774
CFB,2026,3,401856797,2026-09-19T19:30Z,post,true,Miami (OH) RedHawks,M-OH,31,1-2,Cincinnati Bearcats,CIN,35,3-0,false,false,TQL Stadium,ESPN+,,,,,https://www.espn.com/college-football/game/_/gameId/401856797
CFB,2026,3,401856801,2026-09-19T19:30Z,post,true,Utah State Aggies,USU,0,0-3,Utah Utes,UTAH,33,3-0,false,false,Rice-Eccles Stadium,FOX,,,,,https://www.espn.com/college-football/game/_/gameId/401856801
CFB,2026,3,401858230,2026-09-19T19:30Z,post,true,SMU Mustangs,SMU,31,2-1,Louisville Cardinals,LOU,41,2-1,false,true,L&N Federal Credit Union Stadium,ESPN2,,,,,https://www.espn.com/college-football/game/_/gameId/401858230
CFB,2026,3,401858233,2026-09-19T19:30Z,post,true,Wagner Seahawks,WAG,7,1-3,California Golden Bears,CAL,49,2-1,false,false,California Memorial Stadium,ACC Network,,,,,https://www.espn.com/college-football/game/_/gameId/401858233
CFB,2026,3,401858450,2026-09-19T19:30Z,post,true,UTEP Miners,UTEP,17,1-2,Michigan Wolverines,MICH,52,3-0,false,false,Michigan Stadium,BTN,,,,,https://www.espn.com/college-football/game/_/gameId/401858450
CFB,2026,3,401858457,2026-09-19T19:30Z,post,true,USC Trojans,USC,42,4-0,Rutgers Scarlet Knights,RUTG,35,0-3,false,true,SHI Stadium,CBS,,,,,https://www.espn.com/college-football/game/_/gameId/401858457
CFB,2026,3,401860890,2026-09-19T19:30Z,post,true,Duquesne Dukes,DUQ,7,0-3,Washington State Cougars,WSU,48,1-2,false,false,Martin Stadium,USA Net,,,,,https://www.espn.com/college-football/game/_/gameId/401860890
CFB,2026,3,401866424,2026-09-19T19:30Z,post,true,Stonehill Skyhawks,STO,14,1-3,Massachusetts Minutemen,MASS,36,3-0,false,false,Warren McGuirk Alumni Stadium,ESPN+,,,,,https://www.espn.com/college-football/game/_/gameId/401866424
CFB,2026,3,401856694,2026-09-19T19:40Z,post,true,Kentucky Wildcats,UK,31,2-1,Texas A&M Aggies,TA&M,21,2-1,false,true,Kyle Field,ESPN,,,,,https://www.espn.com/college-football/game/_/gameId/401856694
CFB,2026,3,401858231,2026-09-19T20:00Z,post,true,Stanford Cardinal,STAN,7,1-2,Duke Blue Devils,DUKE,35,3-0,false,true,Wallace Wade Stadium,CW,,,,,https://www.espn.com/college-football/game/_/gameId/401858231
CFB,2026,3,401858449,2026-09-19T20:00Z,post,true,Western Kentucky Hilltoppers,WKU,0,0-3,Indiana Hoosiers,IU,38,3-0,false,false,"Memorial Stadium (Bloomington, IN)",Peacock,,,,,https://www.espn.com/college-football/game/_/gameId/401858449
CFB,2026,3,401858471,2026-09-19T20:00Z,post,true,Northern Iowa Panthers,UNI,0,1-2,Iowa Hawkeyes,IOWA,55,3-0,false,false,Kinnick Stadium,FS1,,,,,https://www.espn.com/college-football/game/_/gameId/401858471
CFB,2026,3,401866422,2026-09-19T20:00Z,post,true,Ball State Cardinals,BALL,15,1-2,Liberty Flames,LIB,51,2-1,false,false,Williams Stadium (VA),ESPN+,,,,,https://www.espn.com/college-football/game/_/gameId/401866422
CFB,2026,3,401867804,2026-09-19T20:00Z,post,true,Louisiana Tech Bulldogs,LT,19,1-2,Baylor Bears,BAY,36,2-1,false,false,McLane Stadium,ESPNU,,,,,https://www.espn.com/college-football/game/_/gameId/401867804
CFB,2026,3,401868317,2026-09-19T20:30Z,post,true,SE Louisiana Lions,SELA,38,2-2,UL Monroe Warhawks,ULM,35,0-3,false,false,Malone Stadium,ESPN+,,,,,https://www.espn.com/college-football/game/_/gameId/401868317
CFB,2026,3,401856685,2026-09-19T21:15Z,post,true,Florida State Seminoles,FSU,36,1-2,Alabama Crimson Tide,ALA,50,3-0,false,false,Bryant-Denny Stadium,ESPN2,,,,,https://www.espn.com/college-football/game/_/gameId/401856685
CFB,2026,3,401856691,2026-09-19T21:35Z,post,true,Mississippi State Bulldogs,MSST,41,3-0,South Carolina Gamecocks,SC,34,2-1,false,true,Williams-Brice Stadium,SEC Network,,,,,https://www.espn.com/college-football/game/_/gameId/401856691
CFB,2026,3,401862710,2026-09-19T22:00Z,post,true,East Carolina Pirates,ECU,20,1-2,Old Dominion Monarchs,ODU,17,1-2,false,false,S.B. Ballard Stadium,ESPN+,,,,,https://www.espn.com/college-football/game/_/gameId/401862710
CFB,2026,3,401862771,2026-09-19T22:00Z,post,true,Florida International Panthers,FIU,10,1-2,Florida Atlantic Owls,FAU,16,2-1,false,false,Flagler Credit Union Stadium,ESPN+,,,,,https://www.espn.com/college-football/game/_/gameId/401862771
CFB,2026,3,401871047,2026-09-19T22:30Z,post,true,Marshall Thundering Herd,MRSH,30,2-1,Missouri State Bears,MOST,24,1-2,false,false,Robert W. Plaster Stadium,CBSSN,,,,,https://www.espn.com/college-football/game/_/gameId/401871047
CFB,2026,3,401856687,2026-09-19T23:00Z,post,true,Florida Gators,FLA,44,3-0,Auburn Tigers,AUB,39,2-1,false,true,Jordan-Hare Stadium,ESPN,,,,,https://www.espn.com/college-football/game/_/gameId/401856687
CFB,2026,3,401856689,2026-09-19T23:00Z,post,true,Troy Trojans,TROY,17,2-1,Missouri Tigers,MIZ,27,3-0,false,false,Memorial Stadium,SECN+,,,,,https://www.espn.com/college-football/game/_/gameId/401856689
CFB,2026,3,401856800,2026-09-19T23:00Z,post,true,Georgia State Panthers,GAST,30,2-1,UCF Knights,UCF,44,2-1,false,false,Acrisure Bounce House,ESPN+,,,,,https://www.espn.com/college-football/game/_/gameId/401856800
CFB,2026,3,401856803,2026-09-19T23:00Z,post,true,Murray State Racers,MUR,0,1-3,Oklahoma State Cowboys,OKST,59,2-1,false,false,Boone Pickens Stadium,ESPN+,,,,,https://www.espn.com/college-football/game/_/gameId/401856803
CFB,2026,3,401861963,2026-09-19T23:00Z,post,true,UConn Huskies,CONN,48,2-1,Southern Miss Golden Eagles,USM,20,1-2,false,false,M. M. Roberts Stadium,ESPN+,,,,,https://www.espn.com/college-football/game/_/gameId/401861963
CFB,2026,3,401862772,2026-09-19T23:00Z,post,true,UT Martin Skyhawks,UTM,21,1-3,Memphis Tigers,MEM,45,3-1,false,false,Simmons Bank Liberty Stadium,ESPN+,,,,,https://www.espn.com/college-football/game/_/gameId/401862772
CFB,2026,3,401862773,2026-09-19T23:00Z,post,true,Western Michigan Broncos,WMU,28,2-1,Rice Owls,RICE,21,1-2,false,false,Rice Stadium,ESPN+,,,,,https://www.espn.com/college-football/game/_/gameId/401862773
CFB,2026,3,401862777,2026-09-19T23:00Z,post,true,Delaware State Hornets,DSU,17,2-2,South Florida Bulls,USF,59,3-0,false,false,Raymond James Stadium,ESPN+,,,,,https://www.espn.com/college-football/game/_/gameId/401862777
CFB,2026,3,401864443,2026-09-19T23:00Z,post,true,Nevada Wolf Pack,NEV,20,1-2,Middle Tennessee Blue Raiders,MTSU,27,2-1,false,false,"Johnny ""Red"" Floyd Stadium",ESPN+,,,,,https://www.espn.com/college-football/game/_/gameId/401864443
CFB,2026,3,401866423,2026-09-19T23:00Z,post,true,Ohio Bobcats,OHIO,36,1-2,South Alabama Jaguars,USA,41,2-1,false,false,Hancock Whitney Stadium,ESPN+,,,,,https://www.espn.com/college-football/game/_/gameId/401866423
CFB,2026,3,401869948,2026-09-19T23:00Z,post,true,Georgia Southern Eagles,GASO,27,1-2,Jacksonville State Gamecocks,JXST,31,2-2,false,false,AmFirst Stadium,ESPN+,,,,,https://www.espn.com/college-football/game/_/gameId/401869948
CFB,2026,3,401870764,2026-09-19T23:00Z,post,true,Nicholls Colonels,NICH,0,2-2,Sam Houston Bearkats,SHSU,59,1-2,false,false,Elliott T. Bowers Stadium,ESPN+,,,,,https://www.espn.com/college-football/game/_/gameId/401870764
CFB,2026,3,401858452,2026-09-19T23:15Z,post,true,North Dakota Fighting Hawks,UND,7,3-1,Nebraska Cornhuskers,NEB,34,3-0,false,false,"Memorial Stadium (Lincoln, NE)",BTN,,,,,https://www.espn.com/college-football/game/_/gameId/401858452
CFB,2026,3,401858459,2026-09-19T23:15Z,post,true,Eastern Washington Eagles,EWU,16,1-3,Washington Huskies,WASH,48,3-0,false,false,Husky Stadium,BTN,,,,,https://www.espn.com/college-football/game/_/gameId/401858459
CFB,2026,3,401856688,2026-09-19T23:30Z,post,true,LSU Tigers,LSU,24,2-1,Ole Miss Rebels,MISS,32,3-0,false,true,Vaught-Hemingway Stadium,ABC,,,,,https://www.espn.com/college-football/game/_/gameId/401856688
CFB,2026,3,401856690,2026-09-19T23:30Z,post,true,New Mexico Lobos,UNM,6,2-1,Oklahoma Sooners,OU,14,2-1,false,false,"Memorial Stadium (Norman, OK)",ESPNEWS,,,,,https://www.espn.com/college-football/game/_/gameId/401856690
CFB,2026,3,401856796,2026-09-19T23:30Z,post,true,Colorado Buffaloes,COLO,7,2-1,Northwestern Wildcats,NU,41,2-0,false,false,Northwestern Medicine Field at Martin Stadium,FOX,,,,,https://www.espn.com/college-football/game/_/gameId/401856796
CFB,2026,3,401856802,2026-09-19T23:30Z,post,true,West Virginia Mountaineers,WVU,38,3-0,Virginia Cavaliers,UVA,27,2-1,true,false,Bank of America Stadium,ACC Network,,,,,https://www.espn.com/college-football/game/_/gameId/401856802
CFB,2026,3,401858232,2026-09-19T23:30Z,post,true,Virginia Tech Hokies,VT,35,3-0,Maryland Terrapins,MD,26,2-1,false,false,SECU Stadium,FS1,,,,,https://www.espn.com/college-football/game/_/gameId/401858232
CFB,2026,3,401858453,2026-09-19T23:30Z,post,true,Michigan State Spartans,MSU,10,2-1,Notre Dame Fighting Irish,ND,27,3-0,false,false,Notre Dame Stadium,NBC,,,,,https://www.espn.com/college-football/game/_/gameId/401858453
CFB,2026,3,401856692,2026-09-19T23:45Z,post,true,Kennesaw State Owls,KENN,9,1-2,Tennessee Volunteers,TENN,42,3-0,false,false,Neyland Stadium,SECN+,,,,,https://www.espn.com/college-football/game/_/gameId/401856692
CFB,2026,3,401856693,2026-09-20T00:00Z,post,true,UTSA Roadrunners,UTSA,6,2-1,Texas Longhorns,TEX,30,3-0,false,false,DKR-Texas Memorial Stadium,SECN+,,,,,https://www.espn.com/college-football/game/_/gameId/401856693
CFB,2026,3,401856799,2026-09-20T00:00Z,post,true,Arkansas State Red Wolves,ARST,7,1-2,TCU Horned Frogs,TCU,31,2-1,false,false,Amon G. Carter Stadium,ESPNU,,,,,https://www.espn.com/college-football/game/_/gameId/401856799
CFB,2026,3,401862775,2026-09-20T00:00Z,post,true,East Texas A&M Lions,ETAM,0,1-3,Tulsa Golden Hurricane,TLSA,42,3-0,false,false,H. A. Chapman Stadium,ESPN+,,,,,https://www.espn.com/college-football/game/_/gameId/401862775
CFB,2026,3,401862776,2026-09-20T00:00Z,post,true,UAB Blazers,UAB,14,1-2,Louisiana Ragin' Cajuns,UL,21,2-1,false,false,Our Lady of Lourdes Stadium,ESPN+,,,,,https://www.espn.com/college-football/game/_/gameId/401862776
CFB,2026,3,401856795,2026-09-20T00:15Z,post,true,BYU Cougars,BYU,41,3-0,Colorado State Rams,CSU,23,2-1,false,false,Canvas Stadium,CBS,,,,,https://www.espn.com/college-football/game/_/gameId/401856795
CFB,2026,3,401864574,2026-09-20T01:30Z,post,true,Charlotte 49ers,CLT,21,0-3,App State Mountaineers,APP,26,3-0,false,false,Kidd Brewer Stadium,ESPN+,,,,,https://www.espn.com/college-football/game/_/gameId/401864574
CFB,2026,3,401860885,2026-09-20T02:00Z,post,true,South Dakota Coyotes,SDAK,24,3-1,Boise State Broncos,BOIS,38,2-1,false,false,Albertsons Stadium,CBSSN,,,,,https://www.espn.com/college-football/game/_/gameId/401860885
CFB,2026,3,401860887,2026-09-20T02:00Z,post,true,James Madison Dukes,JMU,26,3-0,San Diego State Aztecs,SDSU,13,1-2,false,false,Snapdragon Stadium,CW,,,,,https://www.espn.com/college-football/game/_/gameId/401860887
CFB,2026,3,401856793,2026-09-20T02:30Z,post,true,Northern Illinois Huskies,NIU,17,0-3,Arizona Wildcats,ARIZ,42,2-1,false,false,Casino Del Sol Stadium,TNT,,,,,https://www.espn.com/college-football/game/_/gameId/401856793
CFB,2026,3,401864507,2026-09-20T02:30Z,post,true,North Dakota State Bison,NDSU,31,4-0,Sacramento State Hornets,SAC,10,1-3,false,false,Hornet Stadium,ESPN,,,,,https://www.espn.com/college-football/game/_/gameId/401864507
CFB,2026,3,401858458,2026-09-20T03:00Z,post,true,Purdue Boilermakers,PUR,38,1-2,UCLA Bruins,UCLA,52,3-0,false,true,Rose Bowl,BTN,,,,,https://www.espn.com/college-football/game/_/gameId/401858458
CFB,2026,3,401860886,2026-09-20T03:00Z,post,true,Montana Grizzlies,MONT,17,3-1,Oregon State Beavers,ORST,52,1-2,false,false,Reser Stadium,USA Net,,,,,https://www.espn.com/college-football/game/_/gameId/401860886
CFB,2026,3,401860888,2026-09-20T03:00Z,post,true,Fresno State Bulldogs,FRES,26,2-1,San José State Spartans,SJSU,10,2-2,false,false,CEFCU Stadium,FS1,,,,,https://www.espn.com/college-football/game/_/gameId/401860888
CFB,2026,4,401869941,2026-09-24T23:30Z,pre,false,Liberty Flames,LIB,0,2-1,Coastal Carolina Chanticleers,CCU,0,1-2,false,false,Brooks Stadium (SC),ESPN,LIB -2.5,2.5,51.5,DraftKings,https://www.espn.com/college-football/game/_/gameId/401869941
CFB,2026,4,401862779,2026-09-25T20:00Z,pre,false,Army Black Knights,ARMY,0,1-1,Temple Owls,TEM,0,1-2,false,true,Lincoln Financial Field,ESPN,ARMY -3,3,48.5,DraftKings,https://www.espn.com/college-football/game/_/gameId/401862779
CFB,2026,4,401858468,2026-09-25T23:00Z,pre,false,Howard Bison,HOW,0,1-2,Rutgers Scarlet Knights,RUTG,0,0-3,false,false,SHI Stadium,BTN,,,,,https://www.espn.com/college-football/game/_/gameId/401858468
CFB,2026,4,401862778,2026-09-25T23:00Z,pre,false,Navy Midshipmen,NAVY,0,1-1,UAB Blazers,UAB,0,1-2,false,true,Protective Stadium,ESPN,NAVY -7,7,51.5,DraftKings,https://www.espn.com/college-football/game/_/gameId/401862778
CFB,2026,4,401858461,2026-09-26T00:00Z,pre,false,Northwestern Wildcats,NU,0,2-0,Indiana Hoosiers,IU,0,3-0,false,true,"Memorial Stadium (Bloomington, IN)",FOX,IU -21,-21,49.5,DraftKings,https://www.espn.com/college-football/game/_/gameId/401858461
CFB,2026,4,401858234,2026-09-26T02:30Z,pre,false,Clemson Tigers,CLEM,0,2-1,California Golden Bears,CAL,0,2-1,false,true,California Memorial Stadium,ESPN,CAL -1.5,-1.5,50.5,DraftKings,https://www.espn.com/college-football/game/_/gameId/401858234
CFB,2026,4,401856704,2026-09-26T16:00Z,pre,false,Texas Longhorns,TEX,0,3-0,Tennessee Volunteers,TENN,0,3-0,false,true,Neyland Stadium,ABC,TEX -3.5,3.5,56.5,DraftKings,https://www.espn.com/college-football/game/_/gameId/401856704
CFB,2026,4,401856805,2026-09-26T16:00Z,pre,false,Sam Houston Bearkats,SHSU,0,1-2,Texas Tech Red Raiders,TTU,0,3-0,false,false,Galaxy Stadium,TNT,TTU -35.5,-35.5,54.5,DraftKings,https://www.espn.com/college-football/game/_/gameId/401856805
CFB,2026,4,401856813,2026-09-26T16:00Z,pre,false,Colorado Buffaloes,COLO,0,2-1,Baylor Bears,BAY,0,2-1,false,true,McLane Stadium,ESPN2,BAY -10,-10,54.5,DraftKings,https://www.espn.com/college-football/game/_/gameId/401856813
CFB,2026,4,401858236,2026-09-26T16:00Z,pre,false,Bucknell Bison,BUCK,0,1-3,Pittsburgh Panthers,PITT,0,3-0,false,false,Acrisure Stadium,ACCNX,,,,,https://www.espn.com/college-football/game/_/gameId/401858236
CFB,2026,4,401858242,2026-09-26T16:00Z,pre,false,Virginia Tech Hokies,VT,0,3-0,Boston College Eagles,BC,0,2-1,false,true,"Alumni Stadium (Chestnut Hill, MA)",ACC Network,VT -14.5,14.5,52.5,DraftKings,https://www.espn.com/college-football/game/_/gameId/401858242
CFB,2026,4,401858243,2026-09-26T16:00Z,pre,false,Wake Forest Demon Deacons,WAKE,0,2-1,Louisville Cardinals,LOU,0,2-1,false,true,L&N Federal Credit Union Stadium,ESPN,LOU -12.5,-12.5,58.5,DraftKings,https://www.espn.com/college-football/game/_/gameId/401858243
CFB,2026,4,401858465,2026-09-26T16:00Z,pre,false,Illinois Fighting Illini,ILL,0,2-1,Ohio State Buckeyes,OSU,0,2-1,false,true,Ohio Stadium,FOX,OSU -27.5,-27.5,53.5,DraftKings,https://www.espn.com/college-football/game/_/gameId/401858465
CFB,2026,4,401860893,2026-09-26T16:00Z,pre,false,San Diego State Aztecs,SDSU,0,1-2,Toledo Rockets,TOL,0,2-1,false,false,Glass Bowl,CBSSN,TOL -2.5,-2.5,49.5,DraftKings,https://www.espn.com/college-football/game/_/gameId/401860893
CFB,2026,4,401860896,2026-09-26T16:00Z,pre,false,Colorado State Rams,CSU,0,2-1,UTSA Roadrunners,UTSA,0,2-1,false,false,Alamodome,ESPNU,UTSA -12.5,-12.5,58.5,DraftKings,https://www.espn.com/college-football/game/_/gameId/401860896
CFB,2026,4,401864512,2026-09-26T16:00Z,pre,false,UNLV Rebels,UNLV,0,1-2,Akron Zips,AKR,0,1-2,false,false,InfoCision Stadium,ESPN+,UNLV -12.5,12.5,50.5,DraftKings,https://www.espn.com/college-football/game/_/gameId/401864512
CFB,2026,4,401866425,2026-09-26T16:00Z,pre,false,Ball State Cardinals,BALL,0,1-2,Kent State Golden Flashes,KENT,0,1-2,false,true,Zoeller Field at Dix Stadium,ESPN+,KENT -3,-3,49.5,DraftKings,https://www.espn.com/college-football/game/_/gameId/401866425
CFB,2026,4,401864576,2026-09-26T16:45Z,pre,false,South Alabama Jaguars,USA,0,2-1,Kentucky Wildcats,UK,0,2-1,false,false,Kroger Field,SEC Network,UK -20.5,-20.5,55.5,DraftKings,https://www.espn.com/college-football/game/_/gameId/401864576
CFB,2026,4,401866427,2026-09-26T17:00Z,pre,false,Lindenwood Lions,LIN,0,1-2,Eastern Michigan Eagles,EMU,0,1-3,false,false,Rynearson Stadium,ESPN+,,,,,https://www.espn.com/college-football/game/_/gameId/401866427
CFB,2026,4,401858462,2026-09-26T17:30Z,pre,false,UCLA Bruins,UCLA,0,3-0,Maryland Terrapins,MD,0,2-1,false,true,SECU Stadium,BTN,UCLA -2.5,2.5,57.5,DraftKings,https://www.espn.com/college-football/game/_/gameId/401858462
CFB,2026,4,401858467,2026-09-26T18:00Z,pre,false,Notre Dame Fighting Irish,ND,0,3-0,Purdue Boilermakers,PUR,0,1-2,false,false,Ross-Ade Stadium,Peacock,ND -27.5,27.5,57.5,DraftKings,https://www.espn.com/college-football/game/_/gameId/401858467
CFB,2026,4,401864511,2026-09-26T18:00Z,pre,false,Northern Illinois Huskies,NIU,0,0-3,Georgia State Panthers,GAST,0,2-1,false,false,Center Parc Stadium,ESPN+,GAST -9.5,-9.5,55.5,DraftKings,https://www.espn.com/college-football/game/_/gameId/401864511
CFB,2026,4,401858237,2026-09-26T19:00Z,pre,false,Central Arkansas Bears,CARK,0,2-2,Florida State Seminoles,FSU,0,1-2,false,false,Doak Campbell Stadium,ACC Network,,,,,https://www.espn.com/college-football/game/_/gameId/401858237
CFB,2026,4,401864510,2026-09-26T19:00Z,pre,false,Hawai'i Rainbow Warriors,HAW,0,1-2,Wyoming Cowboys,WYO,0,1-2,false,true,War Memorial Stadium,CW,HAW -3,3,45.5,DraftKings,https://www.espn.com/college-football/game/_/gameId/401864510
CFB,2026,4,401856699,2026-09-26T19:30Z,pre,false,Ole Miss Rebels,MISS,0,3-0,Florida Gators,FLA,0,3-0,false,true,Ben Hill Griffin Stadium,ABC,FLA -3,-3,60.5,DraftKings,https://www.espn.com/college-football/game/_/gameId/401856699
CFB,2026,4,401856700,2026-09-26T19:30Z,pre,false,Oklahoma Sooners,OU,0,2-1,Georgia Bulldogs,UGA,0,3-0,false,true,Sanford Stadium,ESPN,UGA -14,-14,43.5,DraftKings,https://www.espn.com/college-football/game/_/gameId/401856700
CFB,2026,4,401856815,2026-09-26T19:30Z,pre,false,TCU Horned Frogs,TCU,0,2-1,UCF Knights,UCF,0,2-1,false,true,Acrisure Bounce House,FS1,TCU -3,3,49.5,DraftKings,https://www.espn.com/college-football/game/_/gameId/401856815
CFB,2026,4,401856816,2026-09-26T19:30Z,pre,false,Utah Utes,UTAH,0,3-0,Iowa State Cyclones,ISU,0,2-1,false,true,Jack Trice Stadium,FOX,UTAH -7.5,7.5,49.5,DraftKings,https://www.espn.com/college-football/game/_/gameId/401856816
CFB,2026,4,401858244,2026-09-26T19:30Z,pre,false,William & Mary Tribe,W&M,0,2-2,Duke Blue Devils,DUKE,0,3-0,false,false,Wallace Wade Stadium,ACCNX,,,,,https://www.espn.com/college-football/game/_/gameId/401858244
CFB,2026,4,401858463,2026-09-26T19:30Z,pre,false,Iowa Hawkeyes,IOWA,0,3-0,Michigan Wolverines,MICH,0,3-0,false,true,Michigan Stadium,CBS,MICH -4.5,-4.5,37.5,DraftKings,https://www.espn.com/college-football/game/_/gameId/401858463
CFB,2026,4,401860897,2026-09-26T19:30Z,pre,false,Boise State Broncos,BOIS,0,2-1,Western Michigan Broncos,WMU,0,2-1,false,false,Waldo Stadium,ESPN2,BOIS -7,7,48.5,DraftKings,https://www.espn.com/college-football/game/_/gameId/401860897
CFB,2026,4,401861970,2026-09-26T19:30Z,pre,false,UConn Huskies,CONN,0,2-1,Miami (OH) RedHawks,M-OH,0,1-2,false,false,Yager Stadium,ESPN+,M-OH -4.5,-4.5,51.5,DraftKings,https://www.espn.com/college-football/game/_/gameId/401861970
CFB,2026,4,401864579,2026-09-26T19:30Z,pre,false,New Mexico Lobos,UNM,0,2-1,New Mexico State Aggies,NMSU,0,1-2,false,false,Aggie Memorial Stadium,CBSSN,UNM -12.5,12.5,48.5,DraftKings,https://www.espn.com/college-football/game/_/gameId/401864579
CFB,2026,4,401866426,2026-09-26T19:30Z,pre,false,Robert Morris Colonials,RMU,0,2-1,Buffalo Bulls,BUFF,0,1-2,false,false,Broadview Stadium,ESPN+,,,,,https://www.espn.com/college-football/game/_/gameId/401866426
CFB,2026,4,401866428,2026-09-26T19:30Z,pre,false,Stonehill Skyhawks,STO,0,1-3,Ohio Bobcats,OHIO,0,1-2,false,false,Peden Stadium,ESPN+,,,,,https://www.espn.com/college-football/game/_/gameId/401866428
CFB,2026,4,401868188,2026-09-26T19:30Z,pre,false,Gardner-Webb Runnin' Bulldogs,GWEB,0,1-3,Marshall Thundering Herd,MRSH,0,2-1,false,false,Joan C. Edwards Stadium,ESPN+,,,,,https://www.espn.com/college-football/game/_/gameId/401868188
CFB,2026,4,401856806,2026-09-26T20:00Z,pre,false,Houston Cougars,HOU,0,2-1,Georgia Southern Eagles,GASO,0,1-2,false,false,Allen E. Paulson Stadium,ESPNU,HOU -17.5,17.5,54.5,DraftKings,https://www.espn.com/college-football/game/_/gameId/401856806
CFB,2026,4,401862781,2026-09-26T20:00Z,pre,false,North Carolina Central Eagles,NCCU,0,2-2,East Carolina Pirates,ECU,0,1-2,false,false,Dowdy-Ficklen Stadium,ESPN+,,,,,https://www.espn.com/college-football/game/_/gameId/401862781
CFB,2026,4,401856698,2026-09-26T20:15Z,pre,false,Vanderbilt Commodores,VAN,0,3-0,Auburn Tigers,AUB,0,2-1,false,true,Jordan-Hare Stadium,SEC Network,AUB -9.5,-9.5,55.5,DraftKings,https://www.espn.com/college-football/game/_/gameId/401856698
CFB,2026,4,401858464,2026-09-26T21:00Z,pre,false,Nebraska Cornhuskers,NEB,0,3-0,Michigan State Spartans,MSU,0,2-1,false,true,Spartan Stadium,BTN,NEB -5.5,5.5,48.5,DraftKings,https://www.espn.com/college-football/game/_/gameId/401858464
CFB,2026,4,401858466,2026-09-26T21:00Z,pre,false,Wisconsin Badgers,WIS,0,2-1,Penn State Nittany Lions,PSU,0,3-0,false,true,Beaver Stadium,Peacock,PSU -10,-10,45.5,DraftKings,https://www.espn.com/college-football/game/_/gameId/401858466
CFB,2026,4,401862785,2026-09-26T21:00Z,pre,false,South Florida Bulls,USF,0,3-0,Bowling Green Falcons,BGSU,0,0-3,false,false,Doyt L. Perry Stadium,ESPN+,USF -17.5,17.5,49.5,DraftKings,https://www.espn.com/college-football/game/_/gameId/401862785
CFB,2026,4,401858239,2026-09-26T22:00Z,pre,false,Delaware Blue Hens,DEL,0,2-1,Virginia Cavaliers,UVA,0,2-1,false,false,Scott Stadium,ACC Network,UVA -20.5,-20.5,52.5,DraftKings,https://www.espn.com/college-football/game/_/gameId/401858239
CFB,2026,4,401860892,2026-09-26T22:00Z,pre,false,Incarnate Word Cardinals,UIW,0,2-1,Texas State Bobcats,TXST,0,1-2,false,false,UFCU Stadium,USA Net,,,,,https://www.espn.com/college-football/game/_/gameId/401860892
CFB,2026,4,401867909,2026-09-26T22:00Z,pre,false,Long Island University Sharks,LIU,0,0-4,Florida International Panthers,FIU,0,1-2,false,false,Pitbull Stadium,ESPN+,,,,,https://www.espn.com/college-football/game/_/gameId/401867909
CFB,2026,4,401869961,2026-09-26T22:00Z,pre,false,James Madison Dukes,JMU,0,3-0,Old Dominion Monarchs,ODU,0,1-2,false,true,S.B. Ballard Stadium,ESPN+,JMU -5.5,5.5,47.5,DraftKings,https://www.espn.com/college-football/game/_/gameId/401869961
CFB,2026,4,401858238,2026-09-26T22:30Z,pre,false,Central Michigan Chippewas,CMU,0,2-1,Miami Hurricanes,MIA,0,3-0,false,false,Hard Rock Stadium,CW,MIA -41.5,-41.5,53.5,DraftKings,https://www.espn.com/college-football/game/_/gameId/401858238
CFB,2026,4,401862780,2026-09-26T22:30Z,pre,false,Louisiana Ragin' Cajuns,UL,0,2-1,Charlotte 49ers,CLT,0,0-3,false,false,Jerry Richardson Stadium,ESPN+,UL -10,10,49.5,DraftKings,https://www.espn.com/college-football/game/_/gameId/401862780
CFB,2026,4,401856696,2026-09-26T23:00Z,pre,false,South Carolina Gamecocks,SC,0,2-1,Alabama Crimson Tide,ALA,0,3-0,false,true,Bryant-Denny Stadium,ESPN,ALA -13.5,-13.5,54.5,DraftKings,https://www.espn.com/college-football/game/_/gameId/401856696
CFB,2026,4,401856814,2026-09-26T23:00Z,pre,false,Kansas State Wildcats,KSU,0,3-0,Cincinnati Bearcats,CIN,0,3-0,false,true,Nippert Stadium,ESPN2,KSU -6.5,6.5,54.5,DraftKings,https://www.espn.com/college-football/game/_/gameId/401856814
CFB,2026,4,401856881,2026-09-26T23:00Z,pre,false,Oklahoma State Cowboys,OKST,0,2-1,West Virginia Mountaineers,WVU,0,3-0,false,true,Milan Puskar Stadium,FS1,WVU -2.5,-2.5,59.5,DraftKings,https://www.espn.com/college-football/game/_/gameId/401856881
CFB,2026,4,401862784,2026-09-26T23:00Z,pre,false,Southern Miss Golden Eagles,USM,0,1-2,Tulane Green Wave,TULN,0,1-2,false,false,Yulman Stadium,ESPN+,TULN -18.5,-18.5,52.5,DraftKings,https://www.espn.com/college-football/game/_/gameId/401862784
CFB,2026,4,401869931,2026-09-26T23:00Z,pre,false,Kennesaw State Owls,KENN,0,1-2,Arkansas State Red Wolves,ARST,0,1-2,false,false,Centennial Bank Stadium,ESPN+,ARST -4.5,-4.5,53.5,DraftKings,https://www.espn.com/college-football/game/_/gameId/401869931
CFB,2026,4,401870745,2026-09-26T23:00Z,pre,false,Mercyhurst Lakers,MERC,0,1-3,Western Kentucky Hilltoppers,WKU,0,0-3,false,false,Houchens Industries-L.T. Smith Stadium,ESPN+,,,,,https://www.espn.com/college-football/game/_/gameId/401870745
CFB,2026,4,401871048,2026-09-26T23:00Z,pre,false,Middle Tennessee Blue Raiders,MTSU,0,2-1,Jacksonville State Gamecocks,JXST,0,2-2,false,true,AmFirst Stadium,ESPN+,JXST -8.5,-8.5,51.5,DraftKings,https://www.espn.com/college-football/game/_/gameId/401871048
CFB,2026,4,401856702,2026-09-26T23:30Z,pre,false,Texas A&M Aggies,TA&M,0,2-1,LSU Tigers,LSU,0,2-1,false,true,Tiger Stadium (LA),ABC,LSU -9.5,-9.5,52.5,DraftKings,https://www.espn.com/college-football/game/_/gameId/401856702
CFB,2026,4,401856804,2026-09-26T23:30Z,pre,false,Arizona Wildcats,ARIZ,0,2-1,Washington State Cougars,WSU,0,1-2,false,false,Martin Stadium,CBS,ARIZ -10,10,47.5,DraftKings,https://www.espn.com/college-football/game/_/gameId/401856804
CFB,2026,4,401858469,2026-09-26T23:30Z,pre,false,Oregon Ducks,ORE,0,2-1,USC Trojans,USC,0,4-0,false,true,Los Angeles Memorial Coliseum,NBC,ORE -3,3,62.5,DraftKings,https://www.espn.com/college-football/game/_/gameId/401858469
CFB,2026,4,401860894,2026-09-26T23:30Z,pre,false,Troy Trojans,TROY,0,2-1,Utah State Aggies,USU,0,0-3,false,false,Maverik Stadium,CBSSN,USU -2.5,-2.5,49.5,DraftKings,https://www.espn.com/college-football/game/_/gameId/401860894
CFB,2026,4,401862783,2026-09-26T23:30Z,pre,false,Houston Christian Huskies,HCU,0,2-2,North Texas Mean Green,UNT,0,1-2,false,false,DATCU Stadium,ESPN+,,,,,https://www.espn.com/college-football/game/_/gameId/401862783
CFB,2026,4,401864572,2026-09-26T23:30Z,pre,false,App State Mountaineers,APP,0,3-0,NC State Wolfpack,NCSU,0,1-2,false,false,Carter-Finley Stadium,ESPNU,NCSU -14,-14,55.5,DraftKings,https://www.espn.com/college-football/game/_/gameId/401864572
CFB,2026,4,401856703,2026-09-26T23:45Z,pre,false,Missouri Tigers,MIZ,0,3-0,Mississippi State Bulldogs,MSST,0,3-0,false,true,Davis Wade Stadium,SEC Network,MSST -6,-6,59.5,DraftKings,https://www.espn.com/college-football/game/_/gameId/401856703
CFB,2026,4,401856697,2026-09-27T00:00Z,pre,false,Tulsa Golden Hurricane,TLSA,0,3-0,Arkansas Razorbacks,ARK,0,1-2,false,false,Donald W. Reynolds Razorback Stadium,SECN+,ARK -6.5,-6.5,53.5,DraftKings,https://www.espn.com/college-football/game/_/gameId/401856697
CFB,2026,4,401862782,2026-09-27T00:00Z,pre,false,Florida Atlantic Owls,FAU,0,2-1,UL Monroe Warhawks,ULM,0,0-3,false,false,Malone Stadium,ESPN+,FAU -13.5,13.5,57.5,DraftKings,https://www.espn.com/college-football/game/_/gameId/401862782
CFB,2026,4,401858241,2026-09-27T01:00Z,pre,false,Missouri State Bears,MOST,0,1-2,SMU Mustangs,SMU,0,2-1,false,false,Gerald J. Ford Stadium,ACC Network,SMU -34.5,-34.5,58.5,DraftKings,https://www.espn.com/college-football/game/_/gameId/401858241
CFB,2026,4,401860895,2026-09-27T01:00Z,pre,false,Oregon State Beavers,ORST,0,1-2,UTEP Miners,UTEP,0,1-2,false,false,Sun Bowl,MW+,ORST -11.5,11.5,53.5,DraftKings,https://www.espn.com/college-football/game/_/gameId/401860895
CFB,2026,4,401866429,2026-09-27T01:00Z,pre,false,Massachusetts Minutemen,MASS,0,3-0,Sacramento State Hornets,SAC,0,1-3,false,true,Hornet Stadium,ESPN+,MASS -5.5,5.5,48.5,DraftKings,https://www.espn.com/college-football/game/_/gameId/401866429
CFB,2026,4,401860891,2026-09-27T02:00Z,pre,false,Rice Owls,RICE,0,1-2,Fresno State Bulldogs,FRES,0,2-1,false,false,Valley Children's Stadium,CW,FRES -14.5,-14.5,44.5,DraftKings,https://www.espn.com/college-football/game/_/gameId/401860891
CFB,2026,4,401858240,2026-09-27T02:30Z,pre,false,Georgia Tech Yellow Jackets,GT,0,1-2,Stanford Cardinal,STAN,0,1-2,false,true,Stanford Stadium,ESPN,GT -3.5,3.5,48.5,DraftKings,https://www.espn.com/college-football/game/_/gameId/401858240
CFB,2026,4,401864509,2026-09-27T02:30Z,pre,false,Air Force Falcons,AFA,0,1-1,Nevada Wolf Pack,NEV,0,1-2,false,true,Mackay Stadium,FS1,AF -4,4,49.5,DraftKings,https://www.espn.com/college-football/game/_/gameId/401864509
CFB,2026,4,401858470,2026-09-27T03:00Z,pre,false,Minnesota Golden Gophers,MINN,0,2-1,Washington Huskies,WASH,0,3-0,false,true,Husky Stadium,FOX,WASH -8.5,-8.5,45.5,DraftKings,https://www.espn.com/college-football/game/_/gameId/401858470
CFB,2026,5,401871049,2026-10-02T00:00Z,pre,false,Western Kentucky Hilltoppers,WKU,0,0-3,New Mexico State Aggies,NMSU,0,1-2,false,true,Aggie Memorial Stadium,CBSSN,,,,,https://www.espn.com/college-football/game/_/gameId/401871049
CFB,2026,5,401862786,2026-10-02T01:00Z,pre,false,North Texas Mean Green,UNT,0,1-2,Tulsa Golden Hurricane,TLSA,0,3-0,false,true,H. A. Chapman Stadium,ESPN,,,,,https://www.espn.com/college-football/game/_/gameId/401862786
CFB,2026,5,401858245,2026-10-02T23:00Z,pre,false,Pittsburgh Panthers,PITT,0,3-0,Virginia Tech Hokies,VT,0,3-0,false,true,Lane Stadium,ESPN,,,,,https://www.espn.com/college-football/game/_/gameId/401858245
CFB,2026,5,401871050,2026-10-02T23:00Z,pre,false,Liberty Flames,LIB,0,2-1,Delaware Blue Hens,DEL,0,2-1,false,true,Delaware Stadium,CBSSN,,,,,https://www.espn.com/college-football/game/_/gameId/401871050
CFB,2026,5,401858476,2026-10-03T00:00Z,pre,false,Penn State Nittany Lions,PSU,0,3-0,Northwestern Wildcats,NU,0,2-0,false,true,Ryan Field,FOX,,,,,https://www.espn.com/college-football/game/_/gameId/401858476
CFB,2026,5,401856705,2026-10-03T04:00Z,pre,false,Vanderbilt Commodores,VAN,0,3-0,Georgia Bulldogs,UGA,0,3-0,false,true,Sanford Stadium,,,,,,https://www.espn.com/college-football/game/_/gameId/401856705
CFB,2026,5,401856707,2026-10-03T04:00Z,pre,false,Alabama Crimson Tide,ALA,0,3-0,Mississippi State Bulldogs,MSST,0,3-0,false,true,Davis Wade Stadium,,,,,,https://www.espn.com/college-football/game/_/gameId/401856707
CFB,2026,5,401856708,2026-10-03T04:00Z,pre,false,Florida Gators,FLA,0,3-0,Missouri Tigers,MIZ,0,3-0,false,true,Memorial Stadium,,,,,,https://www.espn.com/college-football/game/_/gameId/401856708
CFB,2026,5,401856709,2026-10-03T04:00Z,pre,false,Kentucky Wildcats,UK,0,2-1,South Carolina Gamecocks,SC,0,2-1,false,true,Williams-Brice Stadium,,,,,,https://www.espn.com/college-football/game/_/gameId/401856709
CFB,2026,5,401856710,2026-10-03T04:00Z,pre,false,Auburn Tigers,AUB,0,2-1,Tennessee Volunteers,TENN,0,3-0,false,true,Neyland Stadium,,,,,,https://www.espn.com/college-football/game/_/gameId/401856710
CFB,2026,5,401856711,2026-10-03T04:00Z,pre,false,Arkansas Razorbacks,ARK,0,1-2,Texas A&M Aggies,TA&M,0,2-1,false,true,Kyle Field,,,,,,https://www.espn.com/college-football/game/_/gameId/401856711
CFB,2026,5,401856807,2026-10-03T04:00Z,pre,false,Middle Tennessee Blue Raiders,MTSU,0,2-1,Kansas Jayhawks,KU,0,1-2,false,false,David Booth Kansas Memorial Stadium,,,,,,https://www.espn.com/college-football/game/_/gameId/401856807
CFB,2026,5,401856817,2026-10-03T04:00Z,pre,false,Baylor Bears,BAY,0,2-1,Arizona State Sun Devils,ASU,0,2-1,false,true,Mountain America Stadium,,,,,,https://www.espn.com/college-football/game/_/gameId/401856817
CFB,2026,5,401856818,2026-10-03T04:00Z,pre,false,BYU Cougars,BYU,0,3-0,TCU Horned Frogs,TCU,0,2-1,false,true,Amon G. Carter Stadium,,,,,,https://www.espn.com/college-football/game/_/gameId/401856818
CFB,2026,5,401856819,2026-10-03T04:00Z,pre,false,UCF Knights,UCF,0,2-1,Houston Cougars,HOU,0,2-1,false,true,TDECU Stadium,,,,,,https://www.espn.com/college-football/game/_/gameId/401856819
CFB,2026,5,401856820,2026-10-03T04:00Z,pre,false,Cincinnati Bearcats,CIN,0,3-0,Arizona Wildcats,ARIZ,0,2-1,false,true,Casino Del Sol Stadium,,,,,,https://www.espn.com/college-football/game/_/gameId/401856820
CFB,2026,5,401856821,2026-10-03T04:00Z,pre,false,Texas Tech Red Raiders,TTU,0,3-0,Colorado Buffaloes,COLO,0,2-1,false,true,Folsom Field,,,,,,https://www.espn.com/college-football/game/_/gameId/401856821
CFB,2026,5,401856822,2026-10-03T04:00Z,pre,false,West Virginia Mountaineers,WVU,0,3-0,Iowa State Cyclones,ISU,0,2-1,false,true,Jack Trice Stadium,,,,,,https://www.espn.com/college-football/game/_/gameId/401856822
CFB,2026,5,401858246,2026-10-03T04:00Z,pre,false,Boston College Eagles,BC,0,2-1,SMU Mustangs,SMU,0,2-1,false,true,Gerald J. Ford Stadium,,,,,,https://www.espn.com/college-football/game/_/gameId/401858246
CFB,2026,5,401858248,2026-10-03T04:00Z,pre,false,Louisville Cardinals,LOU,0,2-1,NC State Wolfpack,NCSU,0,1-2,false,true,Carter-Finley Stadium,,,,,,https://www.espn.com/college-football/game/_/gameId/401858248
CFB,2026,5,401858249,2026-10-03T04:00Z,pre,false,Miami Hurricanes,MIA,0,3-0,Clemson Tigers,CLEM,0,2-1,false,true,"Memorial Stadium (Clemson, SC)",,MIA -7,7,55.5,DraftKings,https://www.espn.com/college-football/game/_/gameId/401858249
CFB,2026,5,401858250,2026-10-03T04:00Z,pre,false,Notre Dame Fighting Irish,ND,0,3-0,North Carolina Tar Heels,UNC,0,2-1,false,false,Kenan Stadium,,ND -23.5,23.5,55.5,DraftKings,https://www.espn.com/college-football/game/_/gameId/401858250
CFB,2026,5,401858251,2026-10-03T04:00Z,pre,false,Stanford Cardinal,STAN,0,1-2,Wake Forest Demon Deacons,WAKE,0,2-1,false,true,Allegacy Federal Credit Union Stadium,,,,,,https://www.espn.com/college-football/game/_/gameId/401858251
CFB,2026,5,401858253,2026-10-03T04:00Z,pre,false,Virginia Cavaliers,UVA,0,2-1,Florida State Seminoles,FSU,0,1-2,false,true,Doak Campbell Stadium,,,,,,https://www.espn.com/college-football/game/_/gameId/401858253
CFB,2026,5,401858472,2026-10-03T04:00Z,pre,false,Purdue Boilermakers,PUR,0,1-2,Illinois Fighting Illini,ILL,0,2-1,false,true,Gies Memorial Stadium,,,,,,https://www.espn.com/college-football/game/_/gameId/401858472
CFB,2026,5,401858473,2026-10-03T04:00Z,pre,false,Ohio State Buckeyes,OSU,0,2-1,Iowa Hawkeyes,IOWA,0,3-0,false,true,Kinnick Stadium,,,,,,https://www.espn.com/college-football/game/_/gameId/401858473
CFB,2026,5,401858474,2026-10-03T04:00Z,pre,false,Michigan Wolverines,MICH,0,3-0,Minnesota Golden Gophers,MINN,0,2-1,false,true,Huntington Bank Stadium,,,,,,https://www.espn.com/college-football/game/_/gameId/401858474
CFB,2026,5,401858475,2026-10-03T04:00Z,pre,false,Maryland Terrapins,MD,0,2-1,Nebraska Cornhuskers,NEB,0,3-0,false,true,"Memorial Stadium (Lincoln, NE)",,,,,,https://www.espn.com/college-football/game/_/gameId/401858475
CFB,2026,5,401858478,2026-10-03T04:00Z,pre,false,Washington Huskies,WASH,0,3-0,USC Trojans,USC,0,4-0,false,true,Los Angeles Memorial Coliseum,,,,,,https://www.espn.com/college-football/game/_/gameId/401858478
CFB,2026,5,401858479,2026-10-03T04:00Z,pre,false,Michigan State Spartans,MSU,0,2-1,Wisconsin Badgers,WIS,0,2-1,false,true,Camp Randall Stadium,,,,,,https://www.espn.com/college-football/game/_/gameId/401858479
CFB,2026,5,401862787,2026-10-03T04:00Z,pre,false,Memphis Tigers,MEM,0,3-1,Charlotte 49ers,CLT,0,0-3,false,true,Jerry Richardson Stadium,,,,,,https://www.espn.com/college-football/game/_/gameId/401862787
CFB,2026,5,401862788,2026-10-03T04:00Z,pre,false,UTSA Roadrunners,UTSA,0,2-1,Rice Owls,RICE,0,1-2,false,true,Rice Stadium,,,,,,https://www.espn.com/college-football/game/_/gameId/401862788
CFB,2026,5,401862792,2026-10-03T04:00Z,pre,false,Temple Owls,TEM,0,1-2,South Florida Bulls,USF,0,3-0,false,true,Raymond James Stadium,,,,,,https://www.espn.com/college-football/game/_/gameId/401862792
CFB,2026,5,401864514,2026-10-03T04:00Z,pre,false,UTEP Miners,UTEP,0,1-2,New Mexico Lobos,UNM,0,2-1,false,true,University Stadium (NM),MW+,,,,,https://www.espn.com/college-football/game/_/gameId/401864514
CFB,2026,5,401866430,2026-10-03T04:00Z,pre,false,Akron Zips,AKR,0,1-2,Central Michigan Chippewas,CMU,0,2-1,false,true,Kelly/Shorts Stadium,,,,,,https://www.espn.com/college-football/game/_/gameId/401866430
CFB,2026,5,401866431,2026-10-03T04:00Z,pre,false,Toledo Rockets,TOL,0,2-1,Ball State Cardinals,BALL,0,1-2,false,true,Scheumann Stadium,,,,,,https://www.espn.com/college-football/game/_/gameId/401866431
CFB,2026,5,401866432,2026-10-03T04:00Z,pre,false,Western Michigan Broncos,WMU,0,2-1,Buffalo Bulls,BUFF,0,1-2,false,true,Broadview Stadium,,,,,,https://www.espn.com/college-football/game/_/gameId/401866432
CFB,2026,5,401866433,2026-10-03T04:00Z,pre,false,Eastern Michigan Eagles,EMU,0,1-3,Massachusetts Minutemen,MASS,0,3-0,false,true,Warren McGuirk Alumni Stadium,,,,,,https://www.espn.com/college-football/game/_/gameId/401866433
CFB,2026,5,401866434,2026-10-03T04:00Z,pre,false,Ohio Bobcats,OHIO,0,1-2,Kent State Golden Flashes,KENT,0,1-2,false,true,Zoeller Field at Dix Stadium,,,,,,https://www.espn.com/college-football/game/_/gameId/401866434
CFB,2026,5,401866477,2026-10-03T04:00Z,pre,false,Bowling Green Falcons,BGSU,0,0-3,Miami (OH) RedHawks,M-OH,0,1-2,false,true,Yager Stadium,,,,,,https://www.espn.com/college-football/game/_/gameId/401866477
CFB,2026,5,401869842,2026-10-03T04:00Z,pre,false,Army Black Knights,ARMY,0,1-1,Louisiana Tech Bulldogs,LT,0,1-2,false,false,Joe Aillet Stadium,,,,,,https://www.espn.com/college-football/game/_/gameId/401869842
CFB,2026,5,401869932,2026-10-03T04:00Z,pre,false,Arkansas State Red Wolves,ARST,0,1-2,Louisiana Ragin' Cajuns,UL,0,2-1,false,true,Our Lady of Lourdes Stadium,,,,,,https://www.espn.com/college-football/game/_/gameId/401869932
CFB,2026,5,401869942,2026-10-03T04:00Z,pre,false,Georgia Southern Eagles,GASO,0,1-2,Coastal Carolina Chanticleers,CCU,0,1-2,false,true,Brooks Stadium (SC),,,,,,https://www.espn.com/college-football/game/_/gameId/401869942
CFB,2026,5,401869956,2026-10-03T04:00Z,pre,false,Old Dominion Monarchs,ODU,0,1-2,Georgia State Panthers,GAST,0,2-1,false,true,Center Parc Stadium,,,,,,https://www.espn.com/college-football/game/_/gameId/401869956
CFB,2026,5,401869962,2026-10-03T04:00Z,pre,false,Marshall Thundering Herd,MRSH,0,2-1,James Madison Dukes,JMU,0,3-0,false,true,Bridgeforth Stadium,,,,,,https://www.espn.com/college-football/game/_/gameId/401869962
CFB,2026,5,401871089,2026-10-03T04:00Z,pre,false,UL Monroe Warhawks,ULM,0,0-3,South Alabama Jaguars,USA,0,2-1,false,true,Hancock Whitney Stadium,,,,,,https://www.espn.com/college-football/game/_/gameId/401871089
CFB,2026,5,401858252,2026-10-03T16:00Z,pre,false,Syracuse Orange,SYR,0,1-2,UConn Huskies,CONN,0,2-1,false,false,Pratt & Whitney Stadium,CBSSN,,,,,https://www.espn.com/college-football/game/_/gameId/401858252
CFB,2026,5,401862791,2026-10-03T16:00Z,pre,false,Navy Midshipmen,NAVY,0,1-1,Air Force Falcons,AFA,0,1-1,false,false,Falcon Stadium,CBS,,,,,https://www.espn.com/college-football/game/_/gameId/401862791
CFB,2026,5,401858247,2026-10-03T19:30Z,pre,false,California Golden Bears,CAL,0,2-1,UNLV Rebels,UNLV,0,1-2,false,false,Allegiant Stadium,CBSSN,,,,,https://www.espn.com/college-football/game/_/gameId/401858247
CFB,2026,5,401862793,2026-10-03T19:30Z,pre,false,Samford Bulldogs,SAM,0,0-3,UAB Blazers,UAB,0,1-2,false,false,Protective Stadium,ESPN+,,,,,https://www.espn.com/college-football/game/_/gameId/401862793
CFB,2026,5,401864515,2026-10-03T19:30Z,pre,false,Wyoming Cowboys,WYO,0,1-2,North Dakota State Bison,NDSU,0,4-0,false,true,Fargodome,CW,,,,,https://www.espn.com/college-football/game/_/gameId/401864515
CFB,2026,5,401860899,2026-10-03T22:00Z,pre,false,Oregon State Beavers,ORST,0,1-2,Colorado State Rams,CSU,0,2-1,false,true,Canvas Stadium,USA Net,,,,,https://www.espn.com/college-football/game/_/gameId/401860899
CFB,2026,5,401862790,2026-10-03T22:00Z,pre,false,Texas Southern Tigers,TXSO,0,1-2,Florida Atlantic Owls,FAU,0,2-1,false,false,Flagler Credit Union Stadium,ESPN+,,,,,https://www.espn.com/college-football/game/_/gameId/401862790
CFB,2026,5,401860898,2026-10-03T23:30Z,pre,false,Utah State Aggies,USU,0,0-3,Boise State Broncos,BOIS,0,2-1,false,true,Albertsons Stadium,CBSSN,,,,,https://www.espn.com/college-football/game/_/gameId/401860898
CFB,2026,5,401856706,2026-10-03T23:45Z,pre,false,McNeese Cowboys,MCN,0,1-3,LSU Tigers,LSU,0,2-1,false,false,Tiger Stadium (LA),SEC Network,,,,,https://www.espn.com/college-football/game/_/gameId/401856706
CFB,2026,5,401858477,2026-10-04T00:00Z,pre,false,Indiana Hoosiers,IU,0,3-0,Rutgers Scarlet Knights,RUTG,0,0-3,false,true,SHI Stadium,,,,,,https://www.espn.com/college-football/game/_/gameId/401858477
CFB,2026,5,401860921,2026-10-04T01:30Z,pre,false,Fresno State Bulldogs,FRES,0,2-1,Washington State Cougars,WSU,0,1-2,false,true,Martin Stadium,USA Net,,,,,https://www.espn.com/college-football/game/_/gameId/401860921
CFB,2026,5,401860900,2026-10-04T02:30Z,pre,false,Texas State Bobcats,TXST,0,1-2,San Diego State Aztecs,SDSU,0,1-2,false,true,Snapdragon Stadium,CW,,,,,https://www.espn.com/college-football/game/_/gameId/401860900
CFB,2026,5,401864513,2026-10-04T03:59Z,pre,false,San José State Spartans,SJSU,0,2-2,Hawai'i Rainbow Warriors,HAW,0,1-2,false,true,Clarence T.C. Ching Athletics Complex,MW+,,,,,https://www.espn.com/college-football/game/_/gameId/401864513
CFB,2026,6,401871090,2026-10-07T00:00Z,pre,false,Southern Miss Golden Eagles,USM,0,1-2,Troy Trojans,TROY,0,2-1,false,true,Veterans Memorial Stadium (AL),ESPN2,,,,,https://www.espn.com/college-football/game/_/gameId/401871090
CFB,2026,6,401871051,2026-10-07T23:00Z,pre,false,Jacksonville State Gamecocks,JXST,0,2-2,Kennesaw State Owls,KENN,0,1-2,false,true,Walens Family Field at Fifth Third Stadium,CBSSN,,,,,https://www.espn.com/college-football/game/_/gameId/401871051
CFB,2026,6,401871066,2026-10-07T23:30Z,pre,false,New Mexico State Aggies,NMSU,0,1-2,Florida International Panthers,FIU,0,1-2,false,true,Pitbull Stadium,ESPN2,,,,,https://www.espn.com/college-football/game/_/gameId/401871066
CFB,2026,6,401870766,2026-10-08T23:00Z,pre,false,Sam Houston Bearkats,SHSU,0,1-2,Liberty Flames,LIB,0,2-1,false,true,Williams Stadium (VA),ESPNU,,,,,https://www.espn.com/college-football/game/_/gameId/401870766
CFB,2026,6,401871052,2026-10-08T23:00Z,pre,false,Missouri State Bears,MOST,0,1-2,Western Kentucky Hilltoppers,WKU,0,0-3,false,true,Houchens Industries-L.T. Smith Stadium,CBSSN,,,,,https://www.espn.com/college-football/game/_/gameId/401871052
CFB,2026,6,401862794,2026-10-08T23:30Z,pre,false,South Florida Bulls,USF,0,3-0,UTSA Roadrunners,UTSA,0,2-1,false,true,Alamodome,,,,,,https://www.espn.com/college-football/game/_/gameId/401862794
CFB,2026,6,401869933,2026-10-08T23:30Z,pre,false,South Alabama Jaguars,USA,0,2-1,Arkansas State Red Wolves,ARST,0,1-2,false,true,Centennial Bank Stadium,,,,,,https://www.espn.com/college-football/game/_/gameId/401869933
CFB,2026,6,401858254,2026-10-09T23:00Z,pre,false,Florida State Seminoles,FSU,0,1-2,Louisville Cardinals,LOU,0,2-1,false,true,L&N Federal Credit Union Stadium,ESPN,,,,,https://www.espn.com/college-football/game/_/gameId/401858254
CFB,2026,6,401858487,2026-10-10T01:00Z,pre,false,Iowa Hawkeyes,IOWA,0,3-0,Washington Huskies,WASH,0,3-0,false,true,Husky Stadium,,,,,,https://www.espn.com/college-football/game/_/gameId/401858487
CFB,2026,6,401860922,2026-10-10T01:00Z,pre,false,Washington State Cougars,WSU,0,1-2,Utah State Aggies,USU,0,0-3,false,true,Maverik Stadium,CW,,,,,https://www.espn.com/college-football/game/_/gameId/401860922
CFB,2026,6,401864519,2026-10-10T01:00Z,pre,false,Wyoming Cowboys,WYO,0,1-2,San José State Spartans,SJSU,0,2-2,false,true,CEFCU Stadium,CBSSN,,,,,https://www.espn.com/college-football/game/_/gameId/401864519
CFB,2026,6,401856826,2026-10-10T02:15Z,pre,false,Iowa State Cyclones,ISU,0,2-1,BYU Cougars,BYU,0,3-0,false,true,LaVell Edwards Stadium,ESPN,,,,,https://www.espn.com/college-football/game/_/gameId/401856826
CFB,2026,6,401856712,2026-10-10T04:00Z,pre,false,Georgia Bulldogs,UGA,0,3-0,Alabama Crimson Tide,ALA,0,3-0,false,true,Bryant-Denny Stadium,,UGA -3,3,50.5,DraftKings,https://www.espn.com/college-football/game/_/gameId/401856712
CFB,2026,6,401856713,2026-10-10T04:00Z,pre,false,Tennessee Volunteers,TENN,0,3-0,Arkansas Razorbacks,ARK,0,1-2,false,true,Donald W. Reynolds Razorback Stadium,,,,,,https://www.espn.com/college-football/game/_/gameId/401856713
CFB,2026,6,401856714,2026-10-10T04:00Z,pre,false,South Carolina Gamecocks,SC,0,2-1,Florida Gators,FLA,0,3-0,false,true,Ben Hill Griffin Stadium,,,,,,https://www.espn.com/college-football/game/_/gameId/401856714
CFB,2026,6,401856715,2026-10-10T04:00Z,pre,false,LSU Tigers,LSU,0,2-1,Kentucky Wildcats,UK,0,2-1,false,true,Kroger Field,,,,,,https://www.espn.com/college-football/game/_/gameId/401856715
CFB,2026,6,401856716,2026-10-10T04:00Z,pre,false,Texas A&M Aggies,TA&M,0,2-1,Missouri Tigers,MIZ,0,3-0,false,true,Memorial Stadium,,,,,,https://www.espn.com/college-football/game/_/gameId/401856716
CFB,2026,6,401856718,2026-10-10T04:00Z,pre,false,Ole Miss Rebels,MISS,0,3-0,Vanderbilt Commodores,VAN,0,3-0,false,true,FirstBank Stadium,,,,,,https://www.espn.com/college-football/game/_/gameId/401856718
CFB,2026,6,401856808,2026-10-10T04:00Z,pre,false,Hawai'i Rainbow Warriors,HAW,0,1-2,Arizona State Sun Devils,ASU,0,2-1,false,false,Mountain America Stadium,,,,,,https://www.espn.com/college-football/game/_/gameId/401856808
CFB,2026,6,401856823,2026-10-10T04:00Z,pre,false,Arizona Wildcats,ARIZ,0,2-1,West Virginia Mountaineers,WVU,0,3-0,false,true,Milan Puskar Stadium,,,,,,https://www.espn.com/college-football/game/_/gameId/401856823
CFB,2026,6,401856824,2026-10-10T04:00Z,pre,false,UCF Knights,UCF,0,2-1,Oklahoma State Cowboys,OKST,0,2-1,false,true,Boone Pickens Stadium,,,,,,https://www.espn.com/college-football/game/_/gameId/401856824
CFB,2026,6,401856825,2026-10-10T04:00Z,pre,false,Houston Cougars,HOU,0,2-1,Kansas State Wildcats,KSU,0,3-0,false,true,Bill Snyder Family Stadium,,,,,,https://www.espn.com/college-football/game/_/gameId/401856825
CFB,2026,6,401856827,2026-10-10T04:00Z,pre,false,Kansas Jayhawks,KU,0,1-2,Utah Utes,UTAH,0,3-0,false,true,Rice-Eccles Stadium,,,,,,https://www.espn.com/college-football/game/_/gameId/401856827
CFB,2026,6,401858255,2026-10-10T04:00Z,pre,false,Duke Blue Devils,DUKE,0,3-0,Georgia Tech Yellow Jackets,GT,0,1-2,false,true,Bobby Dodd Stadium,,,,,,https://www.espn.com/college-football/game/_/gameId/401858255
CFB,2026,6,401858256,2026-10-10T04:00Z,pre,false,North Carolina Tar Heels,UNC,0,2-1,Pittsburgh Panthers,PITT,0,3-0,false,true,Acrisure Stadium,,,,,,https://www.espn.com/college-football/game/_/gameId/401858256
CFB,2026,6,401858258,2026-10-10T04:00Z,pre,false,Syracuse Orange,SYR,0,1-2,Virginia Cavaliers,UVA,0,2-1,false,true,Scott Stadium,,,,,,https://www.espn.com/college-football/game/_/gameId/401858258
CFB,2026,6,401858259,2026-10-10T04:00Z,pre,false,Virginia Tech Hokies,VT,0,3-0,California Golden Bears,CAL,0,2-1,false,true,California Memorial Stadium,,,,,,https://www.espn.com/college-football/game/_/gameId/401858259
CFB,2026,6,401858260,2026-10-10T04:00Z,pre,false,Wake Forest Demon Deacons,WAKE,0,2-1,NC State Wolfpack,NCSU,0,1-2,false,true,Carter-Finley Stadium,,,,,,https://www.espn.com/college-football/game/_/gameId/401858260
CFB,2026,6,401858480,2026-10-10T04:00Z,pre,false,Illinois Fighting Illini,ILL,0,2-1,Michigan State Spartans,MSU,0,2-1,false,true,Spartan Stadium,,,,,,https://www.espn.com/college-football/game/_/gameId/401858480
CFB,2026,6,401858481,2026-10-10T04:00Z,pre,false,Indiana Hoosiers,IU,0,3-0,Nebraska Cornhuskers,NEB,0,3-0,false,true,"Memorial Stadium (Lincoln, NE)",,,,,,https://www.espn.com/college-football/game/_/gameId/401858481
CFB,2026,6,401858482,2026-10-10T04:00Z,pre,false,Ball State Cardinals,BALL,0,1-2,Northwestern Wildcats,NU,0,2-0,false,false,Ryan Field,,,,,,https://www.espn.com/college-football/game/_/gameId/401858482
CFB,2026,6,401858483,2026-10-10T04:00Z,pre,false,Maryland Terrapins,MD,0,2-1,Ohio State Buckeyes,OSU,0,2-1,false,true,Ohio Stadium,,,,,,https://www.espn.com/college-football/game/_/gameId/401858483
CFB,2026,6,401858484,2026-10-10T04:00Z,pre,false,UCLA Bruins,UCLA,0,3-0,Oregon Ducks,ORE,0,2-1,false,true,Autzen Stadium,,,,,,https://www.espn.com/college-football/game/_/gameId/401858484
CFB,2026,6,401858485,2026-10-10T04:00Z,pre,false,USC Trojans,USC,0,4-0,Penn State Nittany Lions,PSU,0,3-0,false,true,Beaver Stadium,,PSU -1.5,-1.5,56.5,DraftKings,https://www.espn.com/college-football/game/_/gameId/401858485
CFB,2026,6,401858486,2026-10-10T04:00Z,pre,false,Minnesota Golden Gophers,MINN,0,2-1,Purdue Boilermakers,PUR,0,1-2,false,true,Ross-Ade Stadium,,,,,,https://www.espn.com/college-football/game/_/gameId/401858486
CFB,2026,6,401861964,2026-10-10T04:00Z,pre,false,UConn Huskies,CONN,0,2-1,Temple Owls,TEM,0,1-2,false,false,Lincoln Financial Field,,,,,,https://www.espn.com/college-football/game/_/gameId/401861964
CFB,2026,6,401862796,2026-10-10T04:00Z,pre,false,Charlotte 49ers,CLT,0,0-3,North Texas Mean Green,UNT,0,1-2,false,true,DATCU Stadium,,,,,,https://www.espn.com/college-football/game/_/gameId/401862796
CFB,2026,6,401862797,2026-10-10T04:00Z,pre,false,Rice Owls,RICE,0,1-2,East Carolina Pirates,ECU,0,1-2,false,true,Dowdy-Ficklen Stadium,,,,,,https://www.espn.com/college-football/game/_/gameId/401862797
CFB,2026,6,401862798,2026-10-10T04:00Z,pre,false,UAB Blazers,UAB,0,1-2,Memphis Tigers,MEM,0,3-1,false,true,Simmons Bank Liberty Stadium,,,,,,https://www.espn.com/college-football/game/_/gameId/401862798
CFB,2026,6,401864517,2026-10-10T04:00Z,pre,false,Nevada Wolf Pack,NEV,0,1-2,UTEP Miners,UTEP,0,1-2,false,true,Sun Bowl,,,,,,https://www.espn.com/college-football/game/_/gameId/401864517
CFB,2026,6,401866436,2026-10-10T04:00Z,pre,false,Sacramento State Hornets,SAC,0,1-3,Bowling Green Falcons,BGSU,0,0-3,false,true,Doyt L. Perry Stadium,,,,,,https://www.espn.com/college-football/game/_/gameId/401866436
CFB,2026,6,401866437,2026-10-10T04:00Z,pre,false,Buffalo Bulls,BUFF,0,1-2,Toledo Rockets,TOL,0,2-1,false,true,Glass Bowl,,,,,,https://www.espn.com/college-football/game/_/gameId/401866437
CFB,2026,6,401866438,2026-10-10T04:00Z,pre,false,Central Michigan Chippewas,CMU,0,2-1,Ohio Bobcats,OHIO,0,1-2,false,true,Peden Stadium,,,,,,https://www.espn.com/college-football/game/_/gameId/401866438
CFB,2026,6,401866439,2026-10-10T04:00Z,pre,false,Kent State Golden Flashes,KENT,0,1-2,Western Michigan Broncos,WMU,0,2-1,false,true,Waldo Stadium,,,,,,https://www.espn.com/college-football/game/_/gameId/401866439
CFB,2026,6,401866440,2026-10-10T04:00Z,pre,false,Miami (OH) RedHawks,M-OH,0,1-2,Massachusetts Minutemen,MASS,0,3-0,false,true,Warren McGuirk Alumni Stadium,,,,,,https://www.espn.com/college-football/game/_/gameId/401866440
CFB,2026,6,401869843,2026-10-10T04:00Z,pre,false,Old Dominion Monarchs,ODU,0,1-2,App State Mountaineers,APP,0,3-0,false,true,Kidd Brewer Stadium,,,,,,https://www.espn.com/college-football/game/_/gameId/401869843
CFB,2026,6,401869943,2026-10-10T04:00Z,pre,false,Coastal Carolina Chanticleers,CCU,0,1-2,Marshall Thundering Herd,MRSH,0,2-1,false,true,Joan C. Edwards Stadium,,,,,,https://www.espn.com/college-football/game/_/gameId/401869943
CFB,2026,6,401869949,2026-10-10T04:00Z,pre,false,James Madison Dukes,JMU,0,3-0,Georgia Southern Eagles,GASO,0,1-2,false,true,Allen E. Paulson Stadium,,,,,,https://www.espn.com/college-football/game/_/gameId/401869949
CFB,2026,6,401869965,2026-10-10T04:00Z,pre,false,Louisiana Ragin' Cajuns,UL,0,2-1,Louisiana Tech Bulldogs,LT,0,1-2,false,true,Joe Aillet Stadium,,,,,,https://www.espn.com/college-football/game/_/gameId/401869965
CFB,2026,6,401862795,2026-10-10T16:00Z,pre,false,Tulane Green Wave,TULN,0,1-2,Army Black Knights,ARMY,0,1-1,false,true,Michie Stadium,CBSSN,,,,,https://www.espn.com/college-football/game/_/gameId/401862795
CFB,2026,6,401856717,2026-10-10T19:30Z,pre,false,Texas Longhorns,TEX,0,3-0,Oklahoma Sooners,OU,0,2-1,true,true,Cotton Bowl,,TEX -6,6,48.5,DraftKings,https://www.espn.com/college-football/game/_/gameId/401856717
CFB,2026,6,401858257,2026-10-10T19:30Z,pre,false,Stanford Cardinal,STAN,0,1-2,Notre Dame Fighting Irish,ND,0,3-0,false,false,Notre Dame Stadium,NBC,,,,,https://www.espn.com/college-football/game/_/gameId/401858257
CFB,2026,6,401862799,2026-10-10T19:30Z,pre,false,Tulsa Golden Hurricane,TLSA,0,3-0,Navy Midshipmen,NAVY,0,1-1,false,true,Navy-Marine Corps Memorial Stadium,CBSSN,,,,,https://www.espn.com/college-football/game/_/gameId/401862799
CFB,2026,6,401866435,2026-10-10T19:30Z,pre,false,Eastern Michigan Eagles,EMU,0,1-3,Akron Zips,AKR,0,1-2,false,true,InfoCision Stadium,,,,,,https://www.espn.com/college-football/game/_/gameId/401866435
CFB,2026,6,401860902,2026-10-10T22:00Z,pre,false,San Diego State Aztecs,SDSU,0,1-2,Oregon State Beavers,ORST,0,1-2,false,true,Reser Stadium,USA Net,,,,,https://www.espn.com/college-football/game/_/gameId/401860902
CFB,2026,6,401864518,2026-10-10T23:00Z,pre,false,North Dakota State Bison,NDSU,0,4-0,UNLV Rebels,UNLV,0,1-2,false,true,Allegiant Stadium,CW,,,,,https://www.espn.com/college-football/game/_/gameId/401864518
CFB,2026,6,401864516,2026-10-10T23:30Z,pre,false,Air Force Falcons,AFA,0,1-1,Northern Illinois Huskies,NIU,0,0-3,false,true,Huskie Stadium,CBSSN,,,,,https://www.espn.com/college-football/game/_/gameId/401864516
CFB,2026,6,401860901,2026-10-11T02:30Z,pre,false,Boise State Broncos,BOIS,0,2-1,Fresno State Bulldogs,FRES,0,2-1,false,true,Valley Children's Stadium,CW,,,,,https://www.espn.com/college-football/game/_/gameId/401860901
CFB,2026,7,401871067,2026-10-13T23:00Z,pre,false,Delaware Blue Hens,DEL,0,2-1,Middle Tennessee Blue Raiders,MTSU,0,2-1,false,true,"Johnny ""Red"" Floyd Stadium",CBSSN,,,,,https://www.espn.com/college-football/game/_/gameId/401871067
CFB,2026,7,401871053,2026-10-14T00:00Z,pre,false,Florida International Panthers,FIU,0,1-2,Jacksonville State Gamecocks,JXST,0,2-2,false,true,AmFirst Stadium,ESPNU,,,,,https://www.espn.com/college-football/game/_/gameId/401871053
CFB,2026,7,401871054,2026-10-14T23:30Z,pre,false,Kennesaw State Owls,KENN,0,1-2,Missouri State Bears,MOST,0,1-2,false,true,Robert W. Plaster Stadium,CBSSN,,,,,https://www.espn.com/college-football/game/_/gameId/401871054
CFB,2026,7,401871068,2026-10-15T00:00Z,pre,false,Western Kentucky Hilltoppers,WKU,0,0-3,Sam Houston Bearkats,SHSU,0,1-2,false,true,Elliott T. Bowers Stadium,ESPN2,,,,,https://www.espn.com/college-football/game/_/gameId/401871068
CFB,2026,7,401862800,2026-10-15T23:30Z,pre,false,East Carolina Pirates,ECU,0,1-2,UAB Blazers,UAB,0,1-2,false,true,Protective Stadium,,,,,,https://www.espn.com/college-football/game/_/gameId/401862800
CFB,2026,7,401869950,2026-10-15T23:30Z,pre,false,Georgia Southern Eagles,GASO,0,1-2,Old Dominion Monarchs,ODU,0,1-2,false,true,S.B. Ballard Stadium,,,,,,https://www.espn.com/college-football/game/_/gameId/401869950
CFB,2026,7,401860923,2026-10-16T00:00Z,pre,false,Colorado State Rams,CSU,0,2-1,Texas State Bobcats,TXST,0,1-2,false,true,UFCU Stadium,CBSSN,,,,,https://www.espn.com/college-football/game/_/gameId/401860923
CFB,2026,7,401862801,2026-10-16T23:30Z,pre,false,Memphis Tigers,MEM,0,3-1,Tulane Green Wave,TULN,0,1-2,false,true,Yulman Stadium,ESPN,,,,,https://www.espn.com/college-football/game/_/gameId/401862801
CFB,2026,7,401858493,2026-10-17T00:00Z,pre,false,Washington Huskies,WASH,0,3-0,Purdue Boilermakers,PUR,0,1-2,false,true,Ross-Ade Stadium,FOX,,,,,https://www.espn.com/college-football/game/_/gameId/401858493
CFB,2026,7,401869844,2026-10-17T00:00Z,pre,false,App State Mountaineers,APP,0,3-0,Coastal Carolina Chanticleers,CCU,0,1-2,false,true,Brooks Stadium (SC),ESPN2,,,,,https://www.espn.com/college-football/game/_/gameId/401869844
CFB,2026,7,401856719,2026-10-17T04:00Z,pre,false,Auburn Tigers,AUB,0,2-1,Georgia Bulldogs,UGA,0,3-0,false,true,Sanford Stadium,,UGA -16.5,-16.5,54.5,DraftKings,https://www.espn.com/college-football/game/_/gameId/401856719
CFB,2026,7,401856720,2026-10-17T04:00Z,pre,false,Mississippi State Bulldogs,MSST,0,3-0,LSU Tigers,LSU,0,2-1,false,true,Tiger Stadium (LA),,,,,,https://www.espn.com/college-football/game/_/gameId/401856720
CFB,2026,7,401856721,2026-10-17T04:00Z,pre,false,Missouri Tigers,MIZ,0,3-0,Ole Miss Rebels,MISS,0,3-0,false,true,Vaught-Hemingway Stadium,,,,,,https://www.espn.com/college-football/game/_/gameId/401856721
CFB,2026,7,401856722,2026-10-17T04:00Z,pre,false,Kentucky Wildcats,UK,0,2-1,Oklahoma Sooners,OU,0,2-1,false,true,"Memorial Stadium (Norman, OK)",,,,,,https://www.espn.com/college-football/game/_/gameId/401856722
CFB,2026,7,401856723,2026-10-17T04:00Z,pre,false,Alabama Crimson Tide,ALA,0,3-0,Tennessee Volunteers,TENN,0,3-0,false,true,Neyland Stadium,,ALA -1.5,1.5,56.5,DraftKings,https://www.espn.com/college-football/game/_/gameId/401856723
CFB,2026,7,401856724,2026-10-17T04:00Z,pre,false,Florida Gators,FLA,0,3-0,Texas Longhorns,TEX,0,3-0,false,true,DKR-Texas Memorial Stadium,,,,,,https://www.espn.com/college-football/game/_/gameId/401856724
CFB,2026,7,401856726,2026-10-17T04:00Z,pre,false,Arkansas Razorbacks,ARK,0,1-2,Vanderbilt Commodores,VAN,0,3-0,false,true,FirstBank Stadium,,,,,,https://www.espn.com/college-football/game/_/gameId/401856726
CFB,2026,7,401856809,2026-10-17T04:00Z,pre,false,Notre Dame Fighting Irish,ND,0,3-0,BYU Cougars,BYU,0,3-0,false,false,LaVell Edwards Stadium,,ND -10,10,54.5,DraftKings,https://www.espn.com/college-football/game/_/gameId/401856809
CFB,2026,7,401856828,2026-10-17T04:00Z,pre,false,Arizona State Sun Devils,ASU,0,2-1,Texas Tech Red Raiders,TTU,0,3-0,false,true,Galaxy Stadium,,,,,,https://www.espn.com/college-football/game/_/gameId/401856828
CFB,2026,7,401856829,2026-10-17T04:00Z,pre,false,Cincinnati Bearcats,CIN,0,3-0,West Virginia Mountaineers,WVU,0,3-0,false,true,Milan Puskar Stadium,,,,,,https://www.espn.com/college-football/game/_/gameId/401856829
CFB,2026,7,401856830,2026-10-17T04:00Z,pre,false,Kansas Jayhawks,KU,0,1-2,Kansas State Wildcats,KSU,0,3-0,false,true,Bill Snyder Family Stadium,,KSU -7.5,-7.5,54.5,DraftKings,https://www.espn.com/college-football/game/_/gameId/401856830
CFB,2026,7,401856831,2026-10-17T04:00Z,pre,false,Oklahoma State Cowboys,OKST,0,2-1,Houston Cougars,HOU,0,2-1,false,true,TDECU Stadium,,,,,,https://www.espn.com/college-football/game/_/gameId/401856831
CFB,2026,7,401856832,2026-10-17T04:00Z,pre,false,TCU Horned Frogs,TCU,0,2-1,Baylor Bears,BAY,0,2-1,false,true,McLane Stadium,,,,,,https://www.espn.com/college-football/game/_/gameId/401856832
CFB,2026,7,401856833,2026-10-17T04:00Z,pre,false,Utah Utes,UTAH,0,3-0,Colorado Buffaloes,COLO,0,2-1,false,true,Folsom Field,,,,,,https://www.espn.com/college-football/game/_/gameId/401856833
CFB,2026,7,401858261,2026-10-17T04:00Z,pre,false,Charleston Southern Buccaneers,CHSO,0,2-2,Clemson Tigers,CLEM,0,2-1,false,false,"Memorial Stadium (Clemson, SC)",,,,,,https://www.espn.com/college-football/game/_/gameId/401858261
CFB,2026,7,401858263,2026-10-17T04:00Z,pre,false,Florida State Seminoles,FSU,0,1-2,Miami Hurricanes,MIA,0,3-0,false,true,Hard Rock Stadium,,MIA -16.5,-16.5,53.5,DraftKings,https://www.espn.com/college-football/game/_/gameId/401858263
CFB,2026,7,401858264,2026-10-17T04:00Z,pre,false,Georgia Tech Yellow Jackets,GT,0,1-2,Virginia Tech Hokies,VT,0,3-0,false,true,Lane Stadium,,,,,,https://www.espn.com/college-football/game/_/gameId/401858264
CFB,2026,7,401858265,2026-10-17T04:00Z,pre,false,Louisville Cardinals,LOU,0,2-1,Syracuse Orange,SYR,0,1-2,false,true,JMA Wireless Dome,,,,,,https://www.espn.com/college-football/game/_/gameId/401858265
CFB,2026,7,401858266,2026-10-17T04:00Z,pre,false,North Carolina Tar Heels,UNC,0,2-1,Duke Blue Devils,DUKE,0,3-0,false,true,Wallace Wade Stadium,,DUKE -4.5,-4.5,54.5,DraftKings,https://www.espn.com/college-football/game/_/gameId/401858266
CFB,2026,7,401858267,2026-10-17T04:00Z,pre,false,Pittsburgh Panthers,PITT,0,3-0,Boston College Eagles,BC,0,2-1,false,true,"Alumni Stadium (Chestnut Hill, MA)",,,,,,https://www.espn.com/college-football/game/_/gameId/401858267
CFB,2026,7,401858268,2026-10-17T04:00Z,pre,false,Virginia Cavaliers,UVA,0,2-1,SMU Mustangs,SMU,0,2-1,false,true,Gerald J. Ford Stadium,,,,,,https://www.espn.com/college-football/game/_/gameId/401858268
CFB,2026,7,401858269,2026-10-17T04:00Z,pre,false,Wake Forest Demon Deacons,WAKE,0,2-1,California Golden Bears,CAL,0,2-1,false,true,California Memorial Stadium,,,,,,https://www.espn.com/college-football/game/_/gameId/401858269
CFB,2026,7,401858488,2026-10-17T04:00Z,pre,false,Ohio State Buckeyes,OSU,0,2-1,Indiana Hoosiers,IU,0,3-0,false,true,"Memorial Stadium (Bloomington, IN)",,IU -1.5,-1.5,48.5,DraftKings,https://www.espn.com/college-football/game/_/gameId/401858488
CFB,2026,7,401858489,2026-10-17T04:00Z,pre,false,Rutgers Scarlet Knights,RUTG,0,0-3,Maryland Terrapins,MD,0,2-1,false,true,SECU Stadium,,,,,,https://www.espn.com/college-football/game/_/gameId/401858489
CFB,2026,7,401858490,2026-10-17T04:00Z,pre,false,Penn State Nittany Lions,PSU,0,3-0,Michigan Wolverines,MICH,0,3-0,false,true,Michigan Stadium,,MICH -6.5,-6.5,51.5,DraftKings,https://www.espn.com/college-football/game/_/gameId/401858490
CFB,2026,7,401858491,2026-10-17T04:00Z,pre,false,Northwestern Wildcats,NU,0,2-0,Michigan State Spartans,MSU,0,2-1,false,true,Spartan Stadium,,,,,,https://www.espn.com/college-football/game/_/gameId/401858491
CFB,2026,7,401858492,2026-10-17T04:00Z,pre,false,Nebraska Cornhuskers,NEB,0,3-0,Oregon Ducks,ORE,0,2-1,false,true,Autzen Stadium,,ORE -21.5,-21.5,51.5,DraftKings,https://www.espn.com/college-football/game/_/gameId/401858492
CFB,2026,7,401858494,2026-10-17T04:00Z,pre,false,Wisconsin Badgers,WIS,0,2-1,UCLA Bruins,UCLA,0,3-0,false,true,Rose Bowl,,,,,,https://www.espn.com/college-football/game/_/gameId/401858494
CFB,2026,7,401862803,2026-10-17T04:00Z,pre,false,Charlotte 49ers,CLT,0,0-3,Temple Owls,TEM,0,1-2,false,true,Lincoln Financial Field,,,,,,https://www.espn.com/college-football/game/_/gameId/401862803
CFB,2026,7,401862804,2026-10-17T04:00Z,pre,false,Navy Midshipmen,NAVY,0,1-1,UTSA Roadrunners,UTSA,0,2-1,false,true,Alamodome,,,,,,https://www.espn.com/college-football/game/_/gameId/401862804
CFB,2026,7,401862805,2026-10-17T04:00Z,pre,false,Tulsa Golden Hurricane,TLSA,0,3-0,Rice Owls,RICE,0,1-2,false,true,Rice Stadium,,,,,,https://www.espn.com/college-football/game/_/gameId/401862805
CFB,2026,7,401862806,2026-10-17T04:00Z,pre,false,Kent State Golden Flashes,KENT,0,1-2,South Florida Bulls,USF,0,3-0,false,false,Raymond James Stadium,,,,,,https://www.espn.com/college-football/game/_/gameId/401862806
CFB,2026,7,401864521,2026-10-17T04:00Z,pre,false,New Mexico Lobos,UNM,0,2-1,Hawai'i Rainbow Warriors,HAW,0,1-2,false,true,Clarence T.C. Ching Athletics Complex,,,,,,https://www.espn.com/college-football/game/_/gameId/401864521
CFB,2026,7,401866441,2026-10-17T04:00Z,pre,false,Ball State Cardinals,BALL,0,1-2,Bowling Green Falcons,BGSU,0,0-3,false,true,Doyt L. Perry Stadium,,,,,,https://www.espn.com/college-football/game/_/gameId/401866441
CFB,2026,7,401866442,2026-10-17T04:00Z,pre,false,Massachusetts Minutemen,MASS,0,3-0,Buffalo Bulls,BUFF,0,1-2,false,true,Broadview Stadium,,,,,,https://www.espn.com/college-football/game/_/gameId/401866442
CFB,2026,7,401866443,2026-10-17T04:00Z,pre,false,Western Michigan Broncos,WMU,0,2-1,Central Michigan Chippewas,CMU,0,2-1,false,true,Kelly/Shorts Stadium,,,,,,https://www.espn.com/college-football/game/_/gameId/401866443
CFB,2026,7,401866444,2026-10-17T04:00Z,pre,false,Toledo Rockets,TOL,0,2-1,Eastern Michigan Eagles,EMU,0,1-3,false,true,Rynearson Stadium,,,,,,https://www.espn.com/college-football/game/_/gameId/401866444
CFB,2026,7,401866445,2026-10-17T04:00Z,pre,false,Ohio Bobcats,OHIO,0,1-2,Sacramento State Hornets,SAC,0,1-3,false,true,Hornet Stadium,,,,,,https://www.espn.com/college-football/game/_/gameId/401866445
CFB,2026,7,401866478,2026-10-17T04:00Z,pre,false,Akron Zips,AKR,0,1-2,Miami (OH) RedHawks,M-OH,0,1-2,false,true,Yager Stadium,,,,,,https://www.espn.com/college-football/game/_/gameId/401866478
CFB,2026,7,401869934,2026-10-17T04:00Z,pre,false,Arkansas State Red Wolves,ARST,0,1-2,Southern Miss Golden Eagles,USM,0,1-2,false,true,M. M. Roberts Stadium,,,,,,https://www.espn.com/college-football/game/_/gameId/401869934
CFB,2026,7,401869957,2026-10-17T04:00Z,pre,false,Georgia State Panthers,GAST,0,2-1,James Madison Dukes,JMU,0,3-0,false,true,Bridgeforth Stadium,,,,,,https://www.espn.com/college-football/game/_/gameId/401869957
CFB,2026,7,401869966,2026-10-17T04:00Z,pre,false,Troy Trojans,TROY,0,2-1,Louisiana Ragin' Cajuns,UL,0,2-1,false,true,Our Lady of Lourdes Stadium,,,,,,https://www.espn.com/college-football/game/_/gameId/401869966
CFB,2026,7,401871091,2026-10-17T04:00Z,pre,false,Louisiana Tech Bulldogs,LT,0,1-2,UL Monroe Warhawks,ULM,0,0-3,false,true,Malone Stadium,,,,,,https://www.espn.com/college-football/game/_/gameId/401871091
CFB,2026,7,401862802,2026-10-17T16:00Z,pre,false,Florida Atlantic Owls,FAU,0,2-1,Army Black Knights,ARMY,0,1-1,false,true,Michie Stadium,CBSSN,,,,,https://www.espn.com/college-football/game/_/gameId/401862802
CFB,2026,7,401856725,2026-10-17T17:00Z,pre,false,The Citadel Bulldogs,CIT,0,1-2,Texas A&M Aggies,TA&M,0,2-1,false,false,Kyle Field,SECN+,,,,,https://www.espn.com/college-football/game/_/gameId/401856725
CFB,2026,7,401864522,2026-10-17T19:30Z,pre,false,Northern Illinois Huskies,NIU,0,0-3,Wyoming Cowboys,WYO,0,1-2,false,true,War Memorial Stadium,CW,,,,,https://www.espn.com/college-football/game/_/gameId/401864522
CFB,2026,7,401864524,2026-10-17T19:30Z,pre,false,UNLV Rebels,UNLV,0,1-2,Air Force Falcons,AFA,0,1-1,false,true,Falcon Stadium,CBSSN,,,,,https://www.espn.com/college-football/game/_/gameId/401864524
CFB,2026,7,401860903,2026-10-17T22:00Z,pre,false,Washington State Cougars,WSU,0,1-2,Oregon State Beavers,ORST,0,1-2,false,true,Reser Stadium,USA Net,,,,,https://www.espn.com/college-football/game/_/gameId/401860903
CFB,2026,7,401864520,2026-10-17T23:00Z,pre,false,Nevada Wolf Pack,NEV,0,1-2,North Dakota State Bison,NDSU,0,4-0,false,true,Fargodome,CBSSN,,,,,https://www.espn.com/college-football/game/_/gameId/401864520
CFB,2026,7,401858262,2026-10-17T23:30Z,pre,false,Elon Phoenix,ELON,0,3-1,Stanford Cardinal,STAN,0,1-2,false,false,Stanford Stadium,ACCNX,,,,,https://www.espn.com/college-football/game/_/gameId/401858262
CFB,2026,7,401864523,2026-10-18T01:00Z,pre,false,San José State Spartans,SJSU,0,2-2,UTEP Miners,UTEP,0,1-2,false,true,Sun Bowl,MW+,,,,,https://www.espn.com/college-football/game/_/gameId/401864523
CFB,2026,7,401860904,2026-10-18T02:30Z,pre,false,Fresno State Bulldogs,FRES,0,2-1,San Diego State Aztecs,SDSU,0,1-2,false,true,Snapdragon Stadium,CBSSN,,,,,https://www.espn.com/college-football/game/_/gameId/401860904
CFB,2026,8,401871055,2026-10-20T23:00Z,pre,false,Middle Tennessee Blue Raiders,MTSU,0,2-1,Florida International Panthers,FIU,0,1-2,false,true,Pitbull Stadium,CBSSN,,,,,https://www.espn.com/college-football/game/_/gameId/401871055
CFB,2026,8,401871069,2026-10-20T23:00Z,pre,false,Missouri State Bears,MOST,0,1-2,Delaware Blue Hens,DEL,0,2-1,false,true,Delaware Stadium,ESPNU,,,,,https://www.espn.com/college-football/game/_/gameId/401871069
CFB,2026,8,401871092,2026-10-20T23:30Z,pre,false,South Alabama Jaguars,USA,0,2-1,Marshall Thundering Herd,MRSH,0,2-1,false,true,Joan C. Edwards Stadium,ESPN2,,,,,https://www.espn.com/college-football/game/_/gameId/401871092
CFB,2026,8,401871070,2026-10-22T00:00Z,pre,false,New Mexico State Aggies,NMSU,0,1-2,Sam Houston Bearkats,SHSU,0,1-2,false,true,Elliott T. Bowers Stadium,ESPN2,,,,,https://www.espn.com/college-football/game/_/gameId/401871070
CFB,2026,8,401869845,2026-10-22T23:00Z,pre,false,James Madison Dukes,JMU,0,3-0,App State Mountaineers,APP,0,3-0,false,true,Kidd Brewer Stadium,ESPNU,,,,,https://www.espn.com/college-football/game/_/gameId/401869845
CFB,2026,8,401871056,2026-10-22T23:00Z,pre,false,Liberty Flames,LIB,0,2-1,Kennesaw State Owls,KENN,0,1-2,false,true,Walens Family Field at Fifth Third Stadium,CBSSN,,,,,https://www.espn.com/college-football/game/_/gameId/401871056
CFB,2026,8,401862807,2026-10-22T23:30Z,pre,false,East Carolina Pirates,ECU,0,1-2,Memphis Tigers,MEM,0,3-1,false,true,Simmons Bank Liberty Stadium,ESPN2,,,,,https://www.espn.com/college-football/game/_/gameId/401862807
CFB,2026,8,401858271,2026-10-23T23:00Z,pre,false,Duke Blue Devils,DUKE,0,3-0,Virginia Cavaliers,UVA,0,2-1,false,true,Scott Stadium,ESPN,UVA -6.5,-6.5,53.5,DraftKings,https://www.espn.com/college-football/game/_/gameId/401858271
CFB,2026,8,401861965,2026-10-23T23:00Z,pre,false,Massachusetts Minutemen,MASS,0,3-0,UConn Huskies,CONN,0,2-1,false,false,Pratt & Whitney Stadium,CBSSN,,,,,https://www.espn.com/college-football/game/_/gameId/401861965
CFB,2026,8,401862808,2026-10-24T00:30Z,pre,false,Army Black Knights,ARMY,0,1-1,Tulsa Golden Hurricane,TLSA,0,3-0,false,true,H. A. Chapman Stadium,ESPN2,,,,,https://www.espn.com/college-football/game/_/gameId/401862808
CFB,2026,8,401864525,2026-10-24T01:00Z,pre,false,Air Force Falcons,AFA,0,1-1,Wyoming Cowboys,WYO,0,1-2,false,true,War Memorial Stadium,CW,,,,,https://www.espn.com/college-football/game/_/gameId/401864525
CFB,2026,8,401858272,2026-10-24T02:30Z,pre,false,NC State Wolfpack,NCSU,0,1-2,Stanford Cardinal,STAN,0,1-2,false,true,Stanford Stadium,ESPN,,,,,https://www.espn.com/college-football/game/_/gameId/401858272
CFB,2026,8,401856727,2026-10-24T04:00Z,pre,false,Texas A&M Aggies,TA&M,0,2-1,Alabama Crimson Tide,ALA,0,3-0,false,true,Bryant-Denny Stadium,,ALA -2.5,-2.5,54.5,DraftKings,https://www.espn.com/college-football/game/_/gameId/401856727
CFB,2026,8,401856729,2026-10-24T04:00Z,pre,false,Vanderbilt Commodores,VAN,0,3-0,Kentucky Wildcats,UK,0,2-1,false,true,Kroger Field,,,,,,https://www.espn.com/college-football/game/_/gameId/401856729
CFB,2026,8,401856730,2026-10-24T04:00Z,pre,false,Oklahoma Sooners,OU,0,2-1,Mississippi State Bulldogs,MSST,0,3-0,false,true,Davis Wade Stadium,,,,,,https://www.espn.com/college-football/game/_/gameId/401856730
CFB,2026,8,401856731,2026-10-24T04:00Z,pre,false,Tennessee Volunteers,TENN,0,3-0,South Carolina Gamecocks,SC,0,2-1,false,true,Williams-Brice Stadium,,,,,,https://www.espn.com/college-football/game/_/gameId/401856731
CFB,2026,8,401856732,2026-10-24T04:00Z,pre,false,Ole Miss Rebels,MISS,0,3-0,Texas Longhorns,TEX,0,3-0,false,true,DKR-Texas Memorial Stadium,,TEX -8.5,-8.5,54.5,DraftKings,https://www.espn.com/college-football/game/_/gameId/401856732
CFB,2026,8,401856834,2026-10-24T04:00Z,pre,false,Baylor Bears,BAY,0,2-1,Kansas Jayhawks,KU,0,1-2,false,true,David Booth Kansas Memorial Stadium,,,,,,https://www.espn.com/college-football/game/_/gameId/401856834
CFB,2026,8,401856835,2026-10-24T04:00Z,pre,false,BYU Cougars,BYU,0,3-0,UCF Knights,UCF,0,2-1,false,true,Acrisure Bounce House,,,,,,https://www.espn.com/college-football/game/_/gameId/401856835
CFB,2026,8,401856836,2026-10-24T04:00Z,pre,false,Colorado Buffaloes,COLO,0,2-1,Oklahoma State Cowboys,OKST,0,2-1,false,true,Boone Pickens Stadium,,,,,,https://www.espn.com/college-football/game/_/gameId/401856836
CFB,2026,8,401856837,2026-10-24T04:00Z,pre,false,Houston Cougars,HOU,0,2-1,Utah Utes,UTAH,0,3-0,false,true,Rice-Eccles Stadium,,UTAH -6.5,-6.5,50.5,DraftKings,https://www.espn.com/college-football/game/_/gameId/401856837
CFB,2026,8,401856838,2026-10-24T04:00Z,pre,false,Iowa State Cyclones,ISU,0,2-1,Arizona Wildcats,ARIZ,0,2-1,false,true,Casino Del Sol Stadium,,,,,,https://www.espn.com/college-football/game/_/gameId/401856838
CFB,2026,8,401856839,2026-10-24T04:00Z,pre,false,Kansas State Wildcats,KSU,0,3-0,Arizona State Sun Devils,ASU,0,2-1,false,true,Mountain America Stadium,,,,,,https://www.espn.com/college-football/game/_/gameId/401856839
CFB,2026,8,401856840,2026-10-24T04:00Z,pre,false,Texas Tech Red Raiders,TTU,0,3-0,Cincinnati Bearcats,CIN,0,3-0,false,true,Nippert Stadium,,,,,,https://www.espn.com/college-football/game/_/gameId/401856840
CFB,2026,8,401856841,2026-10-24T04:00Z,pre,false,West Virginia Mountaineers,WVU,0,3-0,TCU Horned Frogs,TCU,0,2-1,false,true,Amon G. Carter Stadium,,,,,,https://www.espn.com/college-football/game/_/gameId/401856841
CFB,2026,8,401858270,2026-10-24T04:00Z,pre,false,California Golden Bears,CAL,0,2-1,SMU Mustangs,SMU,0,2-1,false,true,Gerald J. Ford Stadium,,,,,,https://www.espn.com/college-football/game/_/gameId/401858270
CFB,2026,8,401858273,2026-10-24T04:00Z,pre,false,Boston College Eagles,BC,0,2-1,Georgia Tech Yellow Jackets,GT,0,1-2,false,true,Bobby Dodd Stadium,,,,,,https://www.espn.com/college-football/game/_/gameId/401858273
CFB,2026,8,401858274,2026-10-24T04:00Z,pre,false,Pittsburgh Panthers,PITT,0,3-0,Miami Hurricanes,MIA,0,3-0,false,true,Hard Rock Stadium,,,,,,https://www.espn.com/college-football/game/_/gameId/401858274
CFB,2026,8,401858275,2026-10-24T04:00Z,pre,false,Syracuse Orange,SYR,0,1-2,North Carolina Tar Heels,UNC,0,2-1,false,true,Kenan Stadium,,,,,,https://www.espn.com/college-football/game/_/gameId/401858275
CFB,2026,8,401858276,2026-10-24T04:00Z,pre,false,Virginia Tech Hokies,VT,0,3-0,Clemson Tigers,CLEM,0,2-1,false,true,"Memorial Stadium (Clemson, SC)",,,,,,https://www.espn.com/college-football/game/_/gameId/401858276
CFB,2026,8,401858495,2026-10-24T04:00Z,pre,false,Oregon Ducks,ORE,0,2-1,Illinois Fighting Illini,ILL,0,2-1,false,true,Gies Memorial Stadium,,,,,,https://www.espn.com/college-football/game/_/gameId/401858495
CFB,2026,8,401858496,2026-10-24T04:00Z,pre,false,Indiana Hoosiers,IU,0,3-0,Michigan Wolverines,MICH,0,3-0,false,true,Michigan Stadium,,IU -6,6,52.5,DraftKings,https://www.espn.com/college-football/game/_/gameId/401858496
CFB,2026,8,401858497,2026-10-24T04:00Z,pre,false,Iowa Hawkeyes,IOWA,0,3-0,Minnesota Golden Gophers,MINN,0,2-1,false,true,Huntington Bank Stadium,,,,,,https://www.espn.com/college-football/game/_/gameId/401858497
CFB,2026,8,401858498,2026-10-24T04:00Z,pre,false,Rutgers Scarlet Knights,RUTG,0,0-3,Northwestern Wildcats,NU,0,2-0,false,true,Ryan Field,,,,,,https://www.espn.com/college-football/game/_/gameId/401858498
CFB,2026,8,401858499,2026-10-24T04:00Z,pre,false,Michigan State Spartans,MSU,0,2-1,UCLA Bruins,UCLA,0,3-0,false,true,Rose Bowl,,,,,,https://www.espn.com/college-football/game/_/gameId/401858499
CFB,2026,8,401858500,2026-10-24T04:00Z,pre,false,USC Trojans,USC,0,4-0,Wisconsin Badgers,WIS,0,2-1,false,true,Camp Randall Stadium,,,,,,https://www.espn.com/college-football/game/_/gameId/401858500
CFB,2026,8,401862809,2026-10-24T04:00Z,pre,false,Rice Owls,RICE,0,1-2,Florida Atlantic Owls,FAU,0,2-1,false,true,Flagler Credit Union Stadium,,,,,,https://www.espn.com/college-football/game/_/gameId/401862809
CFB,2026,8,401862811,2026-10-24T04:00Z,pre,false,UTSA Roadrunners,UTSA,0,2-1,Tulane Green Wave,TULN,0,1-2,false,true,Yulman Stadium,,,,,,https://www.espn.com/college-football/game/_/gameId/401862811
CFB,2026,8,401864526,2026-10-24T04:00Z,pre,false,Hawai'i Rainbow Warriors,HAW,0,1-2,Northern Illinois Huskies,NIU,0,0-3,false,true,Huskie Stadium,MW+,,,,,https://www.espn.com/college-football/game/_/gameId/401864526
CFB,2026,8,401866446,2026-10-24T04:00Z,pre,false,Akron Zips,AKR,0,1-2,Kent State Golden Flashes,KENT,0,1-2,false,true,Zoeller Field at Dix Stadium,,,,,,https://www.espn.com/college-football/game/_/gameId/401866446
CFB,2026,8,401866447,2026-10-24T04:00Z,pre,false,Sacramento State Hornets,SAC,0,1-3,Ball State Cardinals,BALL,0,1-2,false,true,Scheumann Stadium,,,,,,https://www.espn.com/college-football/game/_/gameId/401866447
CFB,2026,8,401866448,2026-10-24T04:00Z,pre,false,Bowling Green Falcons,BGSU,0,0-3,Buffalo Bulls,BUFF,0,1-2,false,true,Broadview Stadium,,,,,,https://www.espn.com/college-football/game/_/gameId/401866448
CFB,2026,8,401866449,2026-10-24T04:00Z,pre,false,Eastern Michigan Eagles,EMU,0,1-3,Ohio Bobcats,OHIO,0,1-2,false,true,Peden Stadium,,,,,,https://www.espn.com/college-football/game/_/gameId/401866449
CFB,2026,8,401866450,2026-10-24T04:00Z,pre,false,Western Michigan Broncos,WMU,0,2-1,Toledo Rockets,TOL,0,2-1,false,true,Glass Bowl,,,,,,https://www.espn.com/college-football/game/_/gameId/401866450
CFB,2026,8,401866476,2026-10-24T04:00Z,pre,false,Miami (OH) RedHawks,M-OH,0,1-2,Central Michigan Chippewas,CMU,0,2-1,false,true,Kelly/Shorts Stadium,,,,,,https://www.espn.com/college-football/game/_/gameId/401866476
CFB,2026,8,401869967,2026-10-24T04:00Z,pre,false,Louisiana Ragin' Cajuns,UL,0,2-1,Southern Miss Golden Eagles,USM,0,1-2,false,true,M. M. Roberts Stadium,,,,,,https://www.espn.com/college-football/game/_/gameId/401869967
CFB,2026,8,401871093,2026-10-24T04:00Z,pre,false,Old Dominion Monarchs,ODU,0,1-2,Louisiana Tech Bulldogs,LT,0,1-2,false,true,Joe Aillet Stadium,,,,,,https://www.espn.com/college-football/game/_/gameId/401871093
CFB,2026,8,401871094,2026-10-24T04:00Z,pre,false,UL Monroe Warhawks,ULM,0,0-3,Troy Trojans,TROY,0,2-1,false,true,Veterans Memorial Stadium (AL),,,,,,https://www.espn.com/college-football/game/_/gameId/401871094
CFB,2026,8,401856728,2026-10-24T16:00Z,pre,false,LSU Tigers,LSU,0,2-1,Auburn Tigers,AUB,0,2-1,false,true,Jordan-Hare Stadium,,,,,,https://www.espn.com/college-football/game/_/gameId/401856728
CFB,2026,8,401862810,2026-10-24T19:30Z,pre,false,North Texas Mean Green,UNT,0,1-2,Navy Midshipmen,NAVY,0,1-1,false,true,Navy-Marine Corps Memorial Stadium,CBSSN,,,,,https://www.espn.com/college-football/game/_/gameId/401862810
CFB,2026,8,401864528,2026-10-24T21:00Z,pre,false,San José State Spartans,SJSU,0,2-2,Nevada Wolf Pack,NEV,0,1-2,false,true,Mackay Stadium,MW+,,,,,https://www.espn.com/college-football/game/_/gameId/401864528
CFB,2026,8,401860907,2026-10-24T22:00Z,pre,false,Boise State Broncos,BOIS,0,2-1,Washington State Cougars,WSU,0,1-2,false,true,Martin Stadium,USA Net,,,,,https://www.espn.com/college-football/game/_/gameId/401860907
CFB,2026,8,401860905,2026-10-24T22:30Z,pre,false,San Diego State Aztecs,SDSU,0,1-2,Colorado State Rams,CSU,0,2-1,false,true,Canvas Stadium,CW,,,,,https://www.espn.com/college-football/game/_/gameId/401860905
CFB,2026,8,401869935,2026-10-24T23:00Z,pre,false,Georgia State Panthers,GAST,0,2-1,Arkansas State Red Wolves,ARST,0,1-2,false,true,Centennial Bank Stadium,,,,,,https://www.espn.com/college-football/game/_/gameId/401869935
CFB,2026,8,401860906,2026-10-24T23:30Z,pre,false,Utah State Aggies,USU,0,0-3,Texas State Bobcats,TXST,0,1-2,false,true,UFCU Stadium,CBSSN,,,,,https://www.espn.com/college-football/game/_/gameId/401860906
CFB,2026,8,401864527,2026-10-25T02:00Z,pre,false,North Dakota State Bison,NDSU,0,4-0,New Mexico Lobos,UNM,0,2-1,false,true,University Stadium (NM),CW,,,,,https://www.espn.com/college-football/game/_/gameId/401864527
CFB,2026,9,401871071,2026-10-27T23:00Z,pre,false,Delaware Blue Hens,DEL,0,2-1,Western Kentucky Hilltoppers,WKU,0,0-3,false,true,Houchens Industries-L.T. Smith Stadium,CBSSN,,,,,https://www.espn.com/college-football/game/_/gameId/401871071
CFB,2026,9,401871072,2026-10-28T00:00Z,pre,false,Sam Houston Bearkats,SHSU,0,1-2,Missouri State Bears,MOST,0,1-2,false,true,Robert W. Plaster Stadium,ESPN2,,,,,https://www.espn.com/college-football/game/_/gameId/401871072
CFB,2026,9,401871058,2026-10-28T23:00Z,pre,false,Kennesaw State Owls,KENN,0,1-2,Middle Tennessee Blue Raiders,MTSU,0,2-1,false,true,"Johnny ""Red"" Floyd Stadium",CBSSN,,,,,https://www.espn.com/college-football/game/_/gameId/401871058
CFB,2026,9,401871057,2026-10-29T00:00Z,pre,false,Jacksonville State Gamecocks,JXST,0,2-2,New Mexico State Aggies,NMSU,0,1-2,false,true,Aggie Memorial Stadium,ESPN2,,,,,https://www.espn.com/college-football/game/_/gameId/401871057
CFB,2026,9,401862812,2026-10-29T23:30Z,pre,false,Florida Atlantic Owls,FAU,0,2-1,North Texas Mean Green,UNT,0,1-2,false,true,DATCU Stadium,,,,,,https://www.espn.com/college-football/game/_/gameId/401862812
CFB,2026,9,401869963,2026-10-29T23:30Z,pre,false,Troy Trojans,TROY,0,2-1,James Madison Dukes,JMU,0,3-0,false,true,Bridgeforth Stadium,,,,,,https://www.espn.com/college-football/game/_/gameId/401869963
CFB,2026,9,401862813,2026-10-30T23:00Z,pre,false,Tulane Green Wave,TULN,0,1-2,Charlotte 49ers,CLT,0,0-3,false,true,Jerry Richardson Stadium,ESPN2,,,,,https://www.espn.com/college-football/game/_/gameId/401862813
CFB,2026,9,401856844,2026-10-30T23:30Z,pre,false,Baylor Bears,BAY,0,2-1,UCF Knights,UCF,0,2-1,false,true,Acrisure Bounce House,ESPN,,,,,https://www.espn.com/college-football/game/_/gameId/401856844
CFB,2026,9,401866451,2026-10-31T02:30Z,pre,false,Kent State Golden Flashes,KENT,0,1-2,Sacramento State Hornets,SAC,0,1-3,false,true,Hornet Stadium,ESPN2,,,,,https://www.espn.com/college-football/game/_/gameId/401866451
CFB,2026,9,401856733,2026-10-31T04:00Z,pre,false,Missouri Tigers,MIZ,0,3-0,Arkansas Razorbacks,ARK,0,1-2,false,true,Donald W. Reynolds Razorback Stadium,,,,,,https://www.espn.com/college-football/game/_/gameId/401856733
CFB,2026,9,401856735,2026-10-31T04:00Z,pre,false,Auburn Tigers,AUB,0,2-1,Ole Miss Rebels,MISS,0,3-0,false,true,Vaught-Hemingway Stadium,,,,,,https://www.espn.com/college-football/game/_/gameId/401856735
CFB,2026,9,401856736,2026-10-31T04:00Z,pre,false,South Carolina Gamecocks,SC,0,2-1,Oklahoma Sooners,OU,0,2-1,false,true,"Memorial Stadium (Norman, OK)",,,,,,https://www.espn.com/college-football/game/_/gameId/401856736
CFB,2026,9,401856737,2026-10-31T04:00Z,pre,false,Mississippi State Bulldogs,MSST,0,3-0,Texas Longhorns,TEX,0,3-0,false,true,DKR-Texas Memorial Stadium,,,,,,https://www.espn.com/college-football/game/_/gameId/401856737
CFB,2026,9,401856842,2026-10-31T04:00Z,pre,false,Arizona Wildcats,ARIZ,0,2-1,Texas Tech Red Raiders,TTU,0,3-0,false,true,Galaxy Stadium,,,,,,https://www.espn.com/college-football/game/_/gameId/401856842
CFB,2026,9,401856843,2026-10-31T04:00Z,pre,false,Arizona State Sun Devils,ASU,0,2-1,BYU Cougars,BYU,0,3-0,false,true,LaVell Edwards Stadium,,,,,,https://www.espn.com/college-football/game/_/gameId/401856843
CFB,2026,9,401856845,2026-10-31T04:00Z,pre,false,Kansas Jayhawks,KU,0,1-2,TCU Horned Frogs,TCU,0,2-1,false,true,Amon G. Carter Stadium,,,,,,https://www.espn.com/college-football/game/_/gameId/401856845
CFB,2026,9,401856846,2026-10-31T04:00Z,pre,false,Kansas State Wildcats,KSU,0,3-0,Colorado Buffaloes,COLO,0,2-1,false,true,Folsom Field,,,,,,https://www.espn.com/college-football/game/_/gameId/401856846
CFB,2026,9,401856847,2026-10-31T04:00Z,pre,false,Oklahoma State Cowboys,OKST,0,2-1,Iowa State Cyclones,ISU,0,2-1,false,true,Jack Trice Stadium,,,,,,https://www.espn.com/college-football/game/_/gameId/401856847
CFB,2026,9,401856848,2026-10-31T04:00Z,pre,false,Utah Utes,UTAH,0,3-0,Cincinnati Bearcats,CIN,0,3-0,false,true,Nippert Stadium,,,,,,https://www.espn.com/college-football/game/_/gameId/401856848
CFB,2026,9,401858277,2026-10-31T04:00Z,pre,false,California Golden Bears,CAL,0,2-1,NC State Wolfpack,NCSU,0,1-2,false,true,Carter-Finley Stadium,,,,,,https://www.espn.com/college-football/game/_/gameId/401858277
CFB,2026,9,401858278,2026-10-31T04:00Z,pre,false,SMU Mustangs,SMU,0,2-1,Syracuse Orange,SYR,0,1-2,false,true,JMA Wireless Dome,,,,,,https://www.espn.com/college-football/game/_/gameId/401858278
CFB,2026,9,401858279,2026-10-31T04:00Z,pre,false,Boston College Eagles,BC,0,2-1,Duke Blue Devils,DUKE,0,3-0,false,true,Wallace Wade Stadium,,,,,,https://www.espn.com/college-football/game/_/gameId/401858279
CFB,2026,9,401858280,2026-10-31T04:00Z,pre,false,Clemson Tigers,CLEM,0,2-1,Florida State Seminoles,FSU,0,1-2,false,true,Doak Campbell Stadium,,CLEM -1.5,1.5,51.5,DraftKings,https://www.espn.com/college-football/game/_/gameId/401858280
CFB,2026,9,401858281,2026-10-31T04:00Z,pre,false,Georgia Tech Yellow Jackets,GT,0,1-2,Pittsburgh Panthers,PITT,0,3-0,false,true,Acrisure Stadium,,,,,,https://www.espn.com/college-football/game/_/gameId/401858281
CFB,2026,9,401858282,2026-10-31T04:00Z,pre,false,Miami Hurricanes,MIA,0,3-0,North Carolina Tar Heels,UNC,0,2-1,false,true,Kenan Stadium,,,,,,https://www.espn.com/college-football/game/_/gameId/401858282
CFB,2026,9,401858283,2026-10-31T04:00Z,pre,false,Stanford Cardinal,STAN,0,1-2,Louisville Cardinals,LOU,0,2-1,false,true,L&N Federal Credit Union Stadium,,,,,,https://www.espn.com/college-football/game/_/gameId/401858283
CFB,2026,9,401858284,2026-10-31T04:00Z,pre,false,Virginia Cavaliers,UVA,0,2-1,Wake Forest Demon Deacons,WAKE,0,2-1,false,true,Allegacy Federal Credit Union Stadium,,,,,,https://www.espn.com/college-football/game/_/gameId/401858284
CFB,2026,9,401858501,2026-10-31T04:00Z,pre,false,Minnesota Golden Gophers,MINN,0,2-1,Indiana Hoosiers,IU,0,3-0,false,true,"Memorial Stadium (Bloomington, IN)",,,,,,https://www.espn.com/college-football/game/_/gameId/401858501
CFB,2026,9,401858502,2026-10-31T04:00Z,pre,false,Wisconsin Badgers,WIS,0,2-1,Iowa Hawkeyes,IOWA,0,3-0,false,true,Kinnick Stadium,,,,,,https://www.espn.com/college-football/game/_/gameId/401858502
CFB,2026,9,401858503,2026-10-31T04:00Z,pre,false,Illinois Fighting Illini,ILL,0,2-1,Maryland Terrapins,MD,0,2-1,false,true,SECU Stadium,,,,,,https://www.espn.com/college-football/game/_/gameId/401858503
CFB,2026,9,401858504,2026-10-31T04:00Z,pre,false,Washington Huskies,WASH,0,3-0,Nebraska Cornhuskers,NEB,0,3-0,false,true,"Memorial Stadium (Lincoln, NE)",,,,,,https://www.espn.com/college-football/game/_/gameId/401858504
CFB,2026,9,401858505,2026-10-31T04:00Z,pre,false,Northwestern Wildcats,NU,0,2-0,Oregon Ducks,ORE,0,2-1,false,true,Autzen Stadium,,,,,,https://www.espn.com/college-football/game/_/gameId/401858505
CFB,2026,9,401858506,2026-10-31T04:00Z,pre,false,Purdue Boilermakers,PUR,0,1-2,Penn State Nittany Lions,PSU,0,3-0,false,true,Beaver Stadium,,,,,,https://www.espn.com/college-football/game/_/gameId/401858506
CFB,2026,9,401858507,2026-10-31T04:00Z,pre,false,Michigan Wolverines,MICH,0,3-0,Rutgers Scarlet Knights,RUTG,0,0-3,false,true,SHI Stadium,,,,,,https://www.espn.com/college-football/game/_/gameId/401858507
CFB,2026,9,401858508,2026-10-31T04:00Z,pre,false,Nevada Wolf Pack,NEV,0,1-2,UCLA Bruins,UCLA,0,3-0,false,false,Rose Bowl,,,,,,https://www.espn.com/college-football/game/_/gameId/401858508
CFB,2026,9,401858509,2026-10-31T04:00Z,pre,false,Ohio State Buckeyes,OSU,0,2-1,USC Trojans,USC,0,4-0,false,true,Los Angeles Memorial Coliseum,,OSU -7.5,7.5,54.5,DraftKings,https://www.espn.com/college-football/game/_/gameId/401858509
CFB,2026,9,401860924,2026-10-31T04:00Z,pre,false,Oregon State Beavers,ORST,0,1-2,Fresno State Bulldogs,FRES,0,2-1,false,true,Valley Children's Stadium,USA Net,,,,,https://www.espn.com/college-football/game/_/gameId/401860924
CFB,2026,9,401862814,2026-10-31T04:00Z,pre,false,Army Black Knights,ARMY,0,1-1,Memphis Tigers,MEM,0,3-1,false,true,Simmons Bank Liberty Stadium,,,,,,https://www.espn.com/college-football/game/_/gameId/401862814
CFB,2026,9,401862815,2026-10-31T04:00Z,pre,false,Temple Owls,TEM,0,1-2,East Carolina Pirates,ECU,0,1-2,false,true,Dowdy-Ficklen Stadium,,,,,,https://www.espn.com/college-football/game/_/gameId/401862815
CFB,2026,9,401862816,2026-10-31T04:00Z,pre,false,UAB Blazers,UAB,0,1-2,South Florida Bulls,USF,0,3-0,false,true,Raymond James Stadium,,,,,,https://www.espn.com/college-football/game/_/gameId/401862816
CFB,2026,9,401864529,2026-10-31T04:00Z,pre,false,New Mexico Lobos,UNM,0,2-1,San José State Spartans,SJSU,0,2-2,false,true,CEFCU Stadium,MW+,,,,,https://www.espn.com/college-football/game/_/gameId/401864529
CFB,2026,9,401869846,2026-10-31T04:00Z,pre,false,App State Mountaineers,APP,0,3-0,Georgia Southern Eagles,GASO,0,1-2,false,true,Allen E. Paulson Stadium,,,,,,https://www.espn.com/college-football/game/_/gameId/401869846
CFB,2026,9,401869944,2026-10-31T04:00Z,pre,false,Coastal Carolina Chanticleers,CCU,0,1-2,Georgia State Panthers,GAST,0,2-1,false,true,Center Parc Stadium,,,,,,https://www.espn.com/college-football/game/_/gameId/401869944
CFB,2026,9,401871095,2026-10-31T04:00Z,pre,false,Southern Miss Golden Eagles,USM,0,1-2,UL Monroe Warhawks,ULM,0,0-3,false,true,Malone Stadium,,,,,,https://www.espn.com/college-football/game/_/gameId/401871095
CFB,2026,9,401871096,2026-10-31T04:00Z,pre,false,Marshall Thundering Herd,MRSH,0,2-1,Old Dominion Monarchs,ODU,0,1-2,false,true,S.B. Ballard Stadium,,,,,,https://www.espn.com/college-football/game/_/gameId/401871096
CFB,2026,9,401871097,2026-10-31T04:00Z,pre,false,Louisiana Tech Bulldogs,LT,0,1-2,South Alabama Jaguars,USA,0,2-1,false,true,Hancock Whitney Stadium,,,,,,https://www.espn.com/college-football/game/_/gameId/401871097
CFB,2026,9,401859185,2026-10-31T16:00Z,pre,false,Notre Dame Fighting Irish,ND,0,3-0,Navy Midshipmen,NAVY,0,1-1,true,false,Gillette Stadium,,,,,,https://www.espn.com/college-football/game/_/gameId/401859185
CFB,2026,9,401866452,2026-10-31T16:00Z,pre,false,Bowling Green Falcons,BGSU,0,0-3,Western Michigan Broncos,WMU,0,2-1,false,true,Waldo Stadium,CBSSN,,,,,https://www.espn.com/college-football/game/_/gameId/401866452
CFB,2026,9,401861966,2026-10-31T19:00Z,pre,false,UConn Huskies,CONN,0,2-1,Air Force Falcons,AFA,0,1-1,false,false,Falcon Stadium,MW+,,,,,https://www.espn.com/college-football/game/_/gameId/401861966
CFB,2026,9,401856734,2026-10-31T19:30Z,pre,false,Florida Gators,FLA,0,3-0,Georgia Bulldogs,UGA,0,3-0,true,true,Mercedes-Benz Stadium,ABC,UGA -12.5,-12.5,53.5,DraftKings,https://www.espn.com/college-football/game/_/gameId/401856734
CFB,2026,9,401860910,2026-10-31T19:30Z,pre,false,Colorado State Rams,CSU,0,2-1,Utah State Aggies,USU,0,0-3,false,true,Maverik Stadium,USA Net,,,,,https://www.espn.com/college-football/game/_/gameId/401860910
CFB,2026,9,401864531,2026-10-31T19:30Z,pre,false,UTEP Miners,UTEP,0,1-2,North Dakota State Bison,NDSU,0,4-0,false,true,Fargodome,MW+,,,,,https://www.espn.com/college-football/game/_/gameId/401864531
CFB,2026,9,401871059,2026-10-31T19:30Z,pre,false,Florida International Panthers,FIU,0,1-2,Liberty Flames,LIB,0,2-1,false,true,Williams Stadium (VA),CBSSN,,,,,https://www.espn.com/college-football/game/_/gameId/401871059
CFB,2026,9,401860909,2026-10-31T23:00Z,pre,false,Washington State Cougars,WSU,0,1-2,San Diego State Aztecs,SDSU,0,1-2,false,true,Snapdragon Stadium,CBSSN,,,,,https://www.espn.com/college-football/game/_/gameId/401860909
CFB,2026,9,401860908,2026-11-01T02:00Z,pre,false,Texas State Bobcats,TXST,0,1-2,Boise State Broncos,BOIS,0,2-1,false,true,Albertsons Stadium,CW,,,,,https://www.espn.com/college-football/game/_/gameId/401860908
CFB,2026,9,401864530,2026-11-01T02:30Z,pre,false,Northern Illinois Huskies,NIU,0,0-3,UNLV Rebels,UNLV,0,1-2,false,true,Allegiant Stadium,CBSSN,,,,,https://www.espn.com/college-football/game/_/gameId/401864530
CFB,2026,10,401866453,2026-11-04T00:00Z,pre,false,Ohio Bobcats,OHIO,0,1-2,Akron Zips,AKR,0,1-2,false,true,InfoCision Stadium,,,,,,https://www.espn.com/college-football/game/_/gameId/401866453
CFB,2026,10,401866454,2026-11-04T00:00Z,pre,false,Buffalo Bulls,BUFF,0,1-2,Miami (OH) RedHawks,M-OH,0,1-2,false,true,Yager Stadium,,,,,,https://www.espn.com/college-football/game/_/gameId/401866454
CFB,2026,10,401866455,2026-11-04T05:00Z,pre,false,Ball State Cardinals,BALL,0,1-2,Massachusetts Minutemen,MASS,0,3-0,false,true,Warren McGuirk Alumni Stadium,,,,,,https://www.espn.com/college-football/game/_/gameId/401866455
CFB,2026,10,401866456,2026-11-04T05:00Z,pre,false,Central Michigan Chippewas,CMU,0,2-1,Eastern Michigan Eagles,EMU,0,1-3,true,true,Ford Field,,,,,,https://www.espn.com/college-football/game/_/gameId/401866456
CFB,2026,10,401866457,2026-11-04T05:00Z,pre,false,Toledo Rockets,TOL,0,2-1,Sacramento State Hornets,SAC,0,1-3,false,true,Hornet Stadium,,,,,,https://www.espn.com/college-football/game/_/gameId/401866457
CFB,2026,10,401862817,2026-11-06T01:00Z,pre,false,UTSA Roadrunners,UTSA,0,2-1,Florida Atlantic Owls,FAU,0,2-1,false,true,Flagler Credit Union Stadium,,,,,,https://www.espn.com/college-football/game/_/gameId/401862817
CFB,2026,10,401869964,2026-11-06T01:00Z,pre,false,James Madison Dukes,JMU,0,3-0,Southern Miss Golden Eagles,USM,0,1-2,false,true,M. M. Roberts Stadium,,,,,,https://www.espn.com/college-football/game/_/gameId/401869964
CFB,2026,10,401858288,2026-11-07T00:00Z,pre,false,Virginia Tech Hokies,VT,0,3-0,SMU Mustangs,SMU,0,2-1,false,true,Gerald J. Ford Stadium,ESPN,,,,,https://www.espn.com/college-football/game/_/gameId/401858288
CFB,2026,10,401862818,2026-11-07T00:30Z,pre,false,South Florida Bulls,USF,0,3-0,East Carolina Pirates,ECU,0,1-2,false,true,Dowdy-Ficklen Stadium,ESPN2,,,,,https://www.espn.com/college-football/game/_/gameId/401862818
CFB,2026,10,401858510,2026-11-07T01:00Z,pre,false,Nebraska Cornhuskers,NEB,0,3-0,Illinois Fighting Illini,ILL,0,2-1,false,true,Gies Memorial Stadium,FOX,,,,,https://www.espn.com/college-football/game/_/gameId/401858510
CFB,2026,10,401864533,2026-11-07T02:00Z,pre,false,New Mexico Lobos,UNM,0,2-1,Nevada Wolf Pack,NEV,0,1-2,false,true,Mackay Stadium,CBSSN,,,,,https://www.espn.com/college-football/game/_/gameId/401864533
CFB,2026,10,401856855,2026-11-07T03:15Z,pre,false,TCU Horned Frogs,TCU,0,2-1,Arizona Wildcats,ARIZ,0,2-1,false,true,Casino Del Sol Stadium,ESPN,,,,,https://www.espn.com/college-football/game/_/gameId/401856855
CFB,2026,10,401856738,2026-11-07T05:00Z,pre,false,Arkansas Razorbacks,ARK,0,1-2,Auburn Tigers,AUB,0,2-1,false,true,Jordan-Hare Stadium,,,,,,https://www.espn.com/college-football/game/_/gameId/401856738
CFB,2026,10,401856739,2026-11-07T05:00Z,pre,false,Oklahoma Sooners,OU,0,2-1,Florida Gators,FLA,0,3-0,false,true,Ben Hill Griffin Stadium,,,,,,https://www.espn.com/college-football/game/_/gameId/401856739
CFB,2026,10,401856740,2026-11-07T05:00Z,pre,false,Alabama Crimson Tide,ALA,0,3-0,LSU Tigers,LSU,0,2-1,false,true,Tiger Stadium (LA),,LSU -3.5,-3.5,54.5,DraftKings,https://www.espn.com/college-football/game/_/gameId/401856740
CFB,2026,10,401856741,2026-11-07T05:00Z,pre,false,Georgia Bulldogs,UGA,0,3-0,Ole Miss Rebels,MISS,0,3-0,false,true,Vaught-Hemingway Stadium,,UGA -4.5,4.5,55.5,DraftKings,https://www.espn.com/college-football/game/_/gameId/401856741
CFB,2026,10,401856742,2026-11-07T05:00Z,pre,false,Vanderbilt Commodores,VAN,0,3-0,Mississippi State Bulldogs,MSST,0,3-0,false,true,Davis Wade Stadium,,,,,,https://www.espn.com/college-football/game/_/gameId/401856742
CFB,2026,10,401856743,2026-11-07T05:00Z,pre,false,Texas Longhorns,TEX,0,3-0,Missouri Tigers,MIZ,0,3-0,false,true,Memorial Stadium,,,,,,https://www.espn.com/college-football/game/_/gameId/401856743
CFB,2026,10,401856744,2026-11-07T05:00Z,pre,false,Texas A&M Aggies,TA&M,0,2-1,South Carolina Gamecocks,SC,0,2-1,false,true,Williams-Brice Stadium,,,,,,https://www.espn.com/college-football/game/_/gameId/401856744
CFB,2026,10,401856745,2026-11-07T05:00Z,pre,false,Kentucky Wildcats,UK,0,2-1,Tennessee Volunteers,TENN,0,3-0,false,true,Neyland Stadium,,,,,,https://www.espn.com/college-football/game/_/gameId/401856745
CFB,2026,10,401856849,2026-11-07T05:00Z,pre,false,BYU Cougars,BYU,0,3-0,Utah Utes,UTAH,0,3-0,false,true,Rice-Eccles Stadium,,UTAH -3,-3,51.5,DraftKings,https://www.espn.com/college-football/game/_/gameId/401856849
CFB,2026,10,401856850,2026-11-07T05:00Z,pre,false,UCF Knights,UCF,0,2-1,Kansas Jayhawks,KU,0,1-2,false,true,David Booth Kansas Memorial Stadium,,,,,,https://www.espn.com/college-football/game/_/gameId/401856850
CFB,2026,10,401856851,2026-11-07T05:00Z,pre,false,Cincinnati Bearcats,CIN,0,3-0,Houston Cougars,HOU,0,2-1,false,true,TDECU Stadium,,,,,,https://www.espn.com/college-football/game/_/gameId/401856851
CFB,2026,10,401856852,2026-11-07T05:00Z,pre,false,Colorado Buffaloes,COLO,0,2-1,Arizona State Sun Devils,ASU,0,2-1,false,true,Mountain America Stadium,,,,,,https://www.espn.com/college-football/game/_/gameId/401856852
CFB,2026,10,401856853,2026-11-07T05:00Z,pre,false,Iowa State Cyclones,ISU,0,2-1,Baylor Bears,BAY,0,2-1,false,true,McLane Stadium,,,,,,https://www.espn.com/college-football/game/_/gameId/401856853
CFB,2026,10,401856854,2026-11-07T05:00Z,pre,false,Oklahoma State Cowboys,OKST,0,2-1,Kansas State Wildcats,KSU,0,3-0,false,true,Bill Snyder Family Stadium,,,,,,https://www.espn.com/college-football/game/_/gameId/401856854
CFB,2026,10,401856856,2026-11-07T05:00Z,pre,false,West Virginia Mountaineers,WVU,0,3-0,Texas Tech Red Raiders,TTU,0,3-0,false,true,Galaxy Stadium,,,,,,https://www.espn.com/college-football/game/_/gameId/401856856
CFB,2026,10,401858285,2026-11-07T05:00Z,pre,false,Clemson Tigers,CLEM,0,2-1,Syracuse Orange,SYR,0,1-2,false,true,JMA Wireless Dome,,,,,,https://www.espn.com/college-football/game/_/gameId/401858285
CFB,2026,10,401858286,2026-11-07T05:00Z,pre,false,Duke Blue Devils,DUKE,0,3-0,NC State Wolfpack,NCSU,0,1-2,false,true,Carter-Finley Stadium,,,,,,https://www.espn.com/college-football/game/_/gameId/401858286
CFB,2026,10,401858287,2026-11-07T05:00Z,pre,false,Louisville Cardinals,LOU,0,2-1,Georgia Tech Yellow Jackets,GT,0,1-2,false,true,Bobby Dodd Stadium,,,,,,https://www.espn.com/college-football/game/_/gameId/401858287
CFB,2026,10,401858289,2026-11-07T05:00Z,pre,false,Florida State Seminoles,FSU,0,1-2,Boston College Eagles,BC,0,2-1,false,true,"Alumni Stadium (Chestnut Hill, MA)",,,,,,https://www.espn.com/college-football/game/_/gameId/401858289
CFB,2026,10,401858290,2026-11-07T05:00Z,pre,false,Merrimack Warriors,MRMK,0,1-3,Wake Forest Demon Deacons,WAKE,0,2-1,false,false,Allegacy Federal Credit Union Stadium,,,,,,https://www.espn.com/college-football/game/_/gameId/401858290
CFB,2026,10,401858511,2026-11-07T05:00Z,pre,false,Michigan State Spartans,MSU,0,2-1,Michigan Wolverines,MICH,0,3-0,false,true,Michigan Stadium,,MICH -16.5,-16.5,50.5,DraftKings,https://www.espn.com/college-football/game/_/gameId/401858511
CFB,2026,10,401858512,2026-11-07T05:00Z,pre,false,UCLA Bruins,UCLA,0,3-0,Minnesota Golden Gophers,MINN,0,2-1,false,true,Huntington Bank Stadium,,,,,,https://www.espn.com/college-football/game/_/gameId/401858512
CFB,2026,10,401858513,2026-11-07T05:00Z,pre,false,Iowa Hawkeyes,IOWA,0,3-0,Northwestern Wildcats,NU,0,2-0,false,true,Ryan Field,,,,,,https://www.espn.com/college-football/game/_/gameId/401858513
CFB,2026,10,401858514,2026-11-07T05:00Z,pre,false,Oregon Ducks,ORE,0,2-1,Ohio State Buckeyes,OSU,0,2-1,false,true,Ohio Stadium,,OSU -6,-6,52.5,DraftKings,https://www.espn.com/college-football/game/_/gameId/401858514
CFB,2026,10,401858515,2026-11-07T05:00Z,pre,false,Maryland Terrapins,MD,0,2-1,Purdue Boilermakers,PUR,0,1-2,false,true,Ross-Ade Stadium,,,,,,https://www.espn.com/college-football/game/_/gameId/401858515
CFB,2026,10,401858516,2026-11-07T05:00Z,pre,false,Penn State Nittany Lions,PSU,0,3-0,Washington Huskies,WASH,0,3-0,false,true,Husky Stadium,,,,,,https://www.espn.com/college-football/game/_/gameId/401858516
CFB,2026,10,401858517,2026-11-07T05:00Z,pre,false,Rutgers Scarlet Knights,RUTG,0,0-3,Wisconsin Badgers,WIS,0,2-1,false,true,Camp Randall Stadium,,,,,,https://www.espn.com/college-football/game/_/gameId/401858517
CFB,2026,10,401862819,2026-11-07T05:00Z,pre,false,Charlotte 49ers,CLT,0,0-3,UAB Blazers,UAB,0,1-2,false,true,Protective Stadium,,,,,,https://www.espn.com/college-football/game/_/gameId/401862819
CFB,2026,10,401862821,2026-11-07T05:00Z,pre,false,Rice Owls,RICE,0,1-2,North Texas Mean Green,UNT,0,1-2,false,true,DATCU Stadium,,,,,,https://www.espn.com/college-football/game/_/gameId/401862821
CFB,2026,10,401862822,2026-11-07T05:00Z,pre,false,Tulsa Golden Hurricane,TLSA,0,3-0,Tulane Green Wave,TULN,0,1-2,false,true,Yulman Stadium,,,,,,https://www.espn.com/college-football/game/_/gameId/401862822
CFB,2026,10,401864532,2026-11-07T05:00Z,pre,false,Hawai'i Rainbow Warriors,HAW,0,1-2,UTEP Miners,UTEP,0,1-2,false,true,Sun Bowl,,,,,,https://www.espn.com/college-football/game/_/gameId/401864532
CFB,2026,10,401864534,2026-11-07T05:00Z,pre,false,Northern Illinois Huskies,NIU,0,0-3,San José State Spartans,SJSU,0,2-2,false,true,CEFCU Stadium,MW+,,,,,https://www.espn.com/college-football/game/_/gameId/401864534
CFB,2026,10,401869927,2026-11-07T05:00Z,pre,false,Georgia State Panthers,GAST,0,2-1,App State Mountaineers,APP,0,3-0,false,true,Kidd Brewer Stadium,,,,,,https://www.espn.com/college-football/game/_/gameId/401869927
CFB,2026,10,401869945,2026-11-07T05:00Z,pre,false,Old Dominion Monarchs,ODU,0,1-2,Coastal Carolina Chanticleers,CCU,0,1-2,false,true,Brooks Stadium (SC),,,,,,https://www.espn.com/college-football/game/_/gameId/401869945
CFB,2026,10,401869951,2026-11-07T05:00Z,pre,false,Marshall Thundering Herd,MRSH,0,2-1,Georgia Southern Eagles,GASO,0,1-2,false,true,Allen E. Paulson Stadium,,,,,,https://www.espn.com/college-football/game/_/gameId/401869951
CFB,2026,10,401869968,2026-11-07T05:00Z,pre,false,South Alabama Jaguars,USA,0,2-1,Louisiana Ragin' Cajuns,UL,0,2-1,false,true,Our Lady of Lourdes Stadium,,,,,,https://www.espn.com/college-football/game/_/gameId/401869968
CFB,2026,10,401871098,2026-11-07T05:00Z,pre,false,Louisiana Tech Bulldogs,LT,0,1-2,Troy Trojans,TROY,0,2-1,false,true,Veterans Memorial Stadium (AL),,,,,,https://www.espn.com/college-football/game/_/gameId/401871098
CFB,2026,10,401858292,2026-11-07T17:00Z,pre,false,North Carolina Tar Heels,UNC,0,2-1,UConn Huskies,CONN,0,2-1,false,false,Pratt & Whitney Stadium,CBSSN,,,,,https://www.espn.com/college-football/game/_/gameId/401858292
CFB,2026,10,401869936,2026-11-07T20:00Z,pre,false,UL Monroe Warhawks,ULM,0,0-3,Arkansas State Red Wolves,ARST,0,1-2,false,true,Centennial Bank Stadium,,,,,,https://www.espn.com/college-football/game/_/gameId/401869936
CFB,2026,10,401871073,2026-11-07T20:00Z,pre,false,Delaware Blue Hens,DEL,0,2-1,Kennesaw State Owls,KENN,0,1-2,false,true,Walens Family Field at Fifth Third Stadium,,,,,,https://www.espn.com/college-football/game/_/gameId/401871073
CFB,2026,10,401862820,2026-11-07T20:30Z,pre,false,Temple Owls,TEM,0,1-2,Navy Midshipmen,NAVY,0,1-1,false,true,Navy-Marine Corps Memorial Stadium,CBSSN,,,,,https://www.espn.com/college-football/game/_/gameId/401862820
CFB,2026,10,401871076,2026-11-07T20:30Z,pre,false,Western Kentucky Hilltoppers,WKU,0,0-3,Middle Tennessee Blue Raiders,MTSU,0,2-1,false,true,"Johnny ""Red"" Floyd Stadium",,,,,,https://www.espn.com/college-football/game/_/gameId/401871076
CFB,2026,10,401871074,2026-11-07T21:00Z,pre,false,Missouri State Bears,MOST,0,1-2,Florida International Panthers,FIU,0,1-2,false,true,Pitbull Stadium,,,,,,https://www.espn.com/college-football/game/_/gameId/401871074
CFB,2026,10,401870795,2026-11-07T22:00Z,pre,false,Liberty Flames,LIB,0,2-1,New Mexico State Aggies,NMSU,0,1-2,false,true,Aggie Memorial Stadium,,,,,,https://www.espn.com/college-football/game/_/gameId/401870795
CFB,2026,10,401860911,2026-11-07T23:00Z,pre,false,Boise State Broncos,BOIS,0,2-1,Colorado State Rams,CSU,0,2-1,false,true,Canvas Stadium,USA Net,,,,,https://www.espn.com/college-football/game/_/gameId/401860911
CFB,2026,10,401871075,2026-11-08T00:00Z,pre,false,Sam Houston Bearkats,SHSU,0,1-2,Jacksonville State Gamecocks,JXST,0,2-2,false,true,AmFirst Stadium,CBSSN,,,,,https://www.espn.com/college-football/game/_/gameId/401871075
CFB,2026,10,401858291,2026-11-08T00:30Z,pre,false,Miami Hurricanes,MIA,0,3-0,Notre Dame Fighting Irish,ND,0,3-0,false,false,Notre Dame Stadium,NBC,ND -6.5,-6.5,54.5,DraftKings,https://www.espn.com/college-football/game/_/gameId/401858291
CFB,2026,10,401862823,2026-11-08T00:30Z,pre,false,Air Force Falcons,AFA,0,1-1,Army Black Knights,ARMY,0,1-1,false,false,Michie Stadium,CBS,,,,,https://www.espn.com/college-football/game/_/gameId/401862823
CFB,2026,10,401860913,2026-11-08T02:30Z,pre,false,Fresno State Bulldogs,FRES,0,2-1,Utah State Aggies,USU,0,0-3,false,true,Maverik Stadium,USA Net,,,,,https://www.espn.com/college-football/game/_/gameId/401860913
CFB,2026,10,401860912,2026-11-08T03:30Z,pre,false,Texas State Bobcats,TXST,0,1-2,Oregon State Beavers,ORST,0,1-2,false,true,Reser Stadium,CW,,,,,https://www.espn.com/college-football/game/_/gameId/401860912
CFB,2026,10,401864535,2026-11-08T03:30Z,pre,false,Wyoming Cowboys,WYO,0,1-2,UNLV Rebels,UNLV,0,1-2,false,true,Allegiant Stadium,CBSSN,,,,,https://www.espn.com/college-football/game/_/gameId/401864535
CFB,2026,11,401866458,2026-11-11T00:00Z,pre,false,Western Michigan Broncos,WMU,0,2-1,Akron Zips,AKR,0,1-2,false,true,InfoCision Stadium,,,,,,https://www.espn.com/college-football/game/_/gameId/401866458
CFB,2026,11,401866459,2026-11-11T00:00Z,pre,false,Kent State Golden Flashes,KENT,0,1-2,Bowling Green Falcons,BGSU,0,0-3,false,true,Doyt L. Perry Stadium,,,,,,https://www.espn.com/college-football/game/_/gameId/401866459
CFB,2026,11,401866460,2026-11-11T00:00Z,pre,false,Ohio Bobcats,OHIO,0,1-2,Miami (OH) RedHawks,M-OH,0,1-2,false,true,Yager Stadium,,,,,,https://www.espn.com/college-football/game/_/gameId/401866460
CFB,2026,11,401866461,2026-11-11T05:00Z,pre,false,Buffalo Bulls,BUFF,0,1-2,Ball State Cardinals,BALL,0,1-2,false,true,Scheumann Stadium,,,,,,https://www.espn.com/college-football/game/_/gameId/401866461
CFB,2026,11,401866462,2026-11-11T05:00Z,pre,false,Sacramento State Hornets,SAC,0,1-3,Central Michigan Chippewas,CMU,0,2-1,false,true,Kelly/Shorts Stadium,,,,,,https://www.espn.com/college-football/game/_/gameId/401866462
CFB,2026,11,401866463,2026-11-11T05:00Z,pre,false,Massachusetts Minutemen,MASS,0,3-0,Toledo Rockets,TOL,0,2-1,false,true,Glass Bowl,,,,,,https://www.espn.com/college-football/game/_/gameId/401866463
CFB,2026,11,401862824,2026-11-13T01:00Z,pre,false,Memphis Tigers,MEM,0,3-1,South Florida Bulls,USF,0,3-0,false,true,Raymond James Stadium,,,,,,https://www.espn.com/college-football/game/_/gameId/401862824
CFB,2026,11,401869969,2026-11-13T02:00Z,pre,false,Louisiana Ragin' Cajuns,UL,0,2-1,UL Monroe Warhawks,ULM,0,0-3,false,true,Malone Stadium,,,,,,https://www.espn.com/college-football/game/_/gameId/401869969
CFB,2026,11,401858293,2026-11-14T00:00Z,pre,false,Florida State Seminoles,FSU,0,1-2,Pittsburgh Panthers,PITT,0,3-0,false,true,Acrisure Stadium,ESPN,,,,,https://www.espn.com/college-football/game/_/gameId/401858293
CFB,2026,11,401858526,2026-11-14T02:00Z,pre,false,Illinois Fighting Illini,ILL,0,2-1,UCLA Bruins,UCLA,0,3-0,false,true,Rose Bowl,FOX,,,,,https://www.espn.com/college-football/game/_/gameId/401858526
CFB,2026,11,401856860,2026-11-14T03:15Z,pre,false,Houston Cougars,HOU,0,2-1,Colorado Buffaloes,COLO,0,2-1,false,true,Folsom Field,ESPN,,,,,https://www.espn.com/college-football/game/_/gameId/401856860
CFB,2026,11,401856857,2026-11-14T05:00Z,pre,false,Arizona State Sun Devils,ASU,0,2-1,UCF Knights,UCF,0,2-1,false,true,Acrisure Bounce House,,,,,,https://www.espn.com/college-football/game/_/gameId/401856857
CFB,2026,11,401856858,2026-11-14T05:00Z,pre,false,Baylor Bears,BAY,0,2-1,BYU Cougars,BYU,0,3-0,false,true,LaVell Edwards Stadium,,,,,,https://www.espn.com/college-football/game/_/gameId/401856858
CFB,2026,11,401856859,2026-11-14T05:00Z,pre,false,Cincinnati Bearcats,CIN,0,3-0,Iowa State Cyclones,ISU,0,2-1,false,true,Jack Trice Stadium,,,,,,https://www.espn.com/college-football/game/_/gameId/401856859
CFB,2026,11,401856861,2026-11-14T05:00Z,pre,false,Kansas Jayhawks,KU,0,1-2,West Virginia Mountaineers,WVU,0,3-0,false,true,Milan Puskar Stadium,,,,,,https://www.espn.com/college-football/game/_/gameId/401856861
CFB,2026,11,401856862,2026-11-14T05:00Z,pre,false,Kansas State Wildcats,KSU,0,3-0,TCU Horned Frogs,TCU,0,2-1,false,true,Amon G. Carter Stadium,,,,,,https://www.espn.com/college-football/game/_/gameId/401856862
CFB,2026,11,401856863,2026-11-14T05:00Z,pre,false,Texas Tech Red Raiders,TTU,0,3-0,Oklahoma State Cowboys,OKST,0,2-1,false,true,Boone Pickens Stadium,,TTU -15.5,15.5,61.5,DraftKings,https://www.espn.com/college-football/game/_/gameId/401856863
CFB,2026,11,401856864,2026-11-14T05:00Z,pre,false,Utah Utes,UTAH,0,3-0,Arizona Wildcats,ARIZ,0,2-1,false,true,Casino Del Sol Stadium,,,,,,https://www.espn.com/college-football/game/_/gameId/401856864
CFB,2026,11,401856882,2026-11-14T05:00Z,pre,false,South Carolina Gamecocks,SC,0,2-1,Arkansas Razorbacks,ARK,0,1-2,false,true,Donald W. Reynolds Razorback Stadium,,,,,,https://www.espn.com/college-football/game/_/gameId/401856882
CFB,2026,11,401856883,2026-11-14T05:00Z,pre,false,Missouri Tigers,MIZ,0,3-0,Georgia Bulldogs,UGA,0,3-0,false,true,Sanford Stadium,,,,,,https://www.espn.com/college-football/game/_/gameId/401856883
CFB,2026,11,401856884,2026-11-14T05:00Z,pre,false,Florida Gators,FLA,0,3-0,Kentucky Wildcats,UK,0,2-1,false,true,Kroger Field,,,,,,https://www.espn.com/college-football/game/_/gameId/401856884
CFB,2026,11,401856885,2026-11-14T05:00Z,pre,false,Texas Longhorns,TEX,0,3-0,LSU Tigers,LSU,0,2-1,false,true,Tiger Stadium (LA),,TEX -2.5,2.5,54.5,DraftKings,https://www.espn.com/college-football/game/_/gameId/401856885
CFB,2026,11,401856886,2026-11-14T05:00Z,pre,false,Auburn Tigers,AUB,0,2-1,Mississippi State Bulldogs,MSST,0,3-0,false,true,Davis Wade Stadium,,,,,,https://www.espn.com/college-football/game/_/gameId/401856886
CFB,2026,11,401856887,2026-11-14T05:00Z,pre,false,Ole Miss Rebels,MISS,0,3-0,Oklahoma Sooners,OU,0,2-1,false,true,"Memorial Stadium (Norman, OK)",,OU -4,-4,53.5,DraftKings,https://www.espn.com/college-football/game/_/gameId/401856887
CFB,2026,11,401856888,2026-11-14T05:00Z,pre,false,Tennessee Volunteers,TENN,0,3-0,Texas A&M Aggies,TA&M,0,2-1,false,true,Kyle Field,,TA&M -8.5,-8.5,55.5,DraftKings,https://www.espn.com/college-football/game/_/gameId/401856888
CFB,2026,11,401856889,2026-11-14T05:00Z,pre,false,Alabama Crimson Tide,ALA,0,3-0,Vanderbilt Commodores,VAN,0,3-0,false,true,FirstBank Stadium,,,,,,https://www.espn.com/college-football/game/_/gameId/401856889
CFB,2026,11,401858295,2026-11-14T05:00Z,pre,false,California Golden Bears,CAL,0,2-1,Virginia Cavaliers,UVA,0,2-1,false,true,Scott Stadium,,,,,,https://www.espn.com/college-football/game/_/gameId/401858295
CFB,2026,11,401858296,2026-11-14T05:00Z,pre,false,Duke Blue Devils,DUKE,0,3-0,Miami Hurricanes,MIA,0,3-0,false,true,Hard Rock Stadium,,MIA -21,-21,55.5,DraftKings,https://www.espn.com/college-football/game/_/gameId/401858296
CFB,2026,11,401858297,2026-11-14T05:00Z,pre,false,Georgia Tech Yellow Jackets,GT,0,1-2,Clemson Tigers,CLEM,0,2-1,false,true,"Memorial Stadium (Clemson, SC)",,,,,,https://www.espn.com/college-football/game/_/gameId/401858297
CFB,2026,11,401858298,2026-11-14T05:00Z,pre,false,Louisville Cardinals,LOU,0,2-1,North Carolina Tar Heels,UNC,0,2-1,false,true,Kenan Stadium,,,,,,https://www.espn.com/college-football/game/_/gameId/401858298
CFB,2026,11,401858299,2026-11-14T05:00Z,pre,false,Stanford Cardinal,STAN,0,1-2,Virginia Tech Hokies,VT,0,3-0,false,true,Lane Stadium,,,,,,https://www.espn.com/college-football/game/_/gameId/401858299
CFB,2026,11,401858300,2026-11-14T05:00Z,pre,false,Syracuse Orange,SYR,0,1-2,NC State Wolfpack,NCSU,0,1-2,false,true,Carter-Finley Stadium,,,,,,https://www.espn.com/college-football/game/_/gameId/401858300
CFB,2026,11,401858301,2026-11-14T05:00Z,pre,false,Wake Forest Demon Deacons,WAKE,0,2-1,SMU Mustangs,SMU,0,2-1,false,true,Gerald J. Ford Stadium,,,,,,https://www.espn.com/college-football/game/_/gameId/401858301
CFB,2026,11,401858518,2026-11-14T05:00Z,pre,false,USC Trojans,USC,0,4-0,Indiana Hoosiers,IU,0,3-0,false,true,"Memorial Stadium (Bloomington, IN)",,IU -10,-10,58.5,DraftKings,https://www.espn.com/college-football/game/_/gameId/401858518
CFB,2026,11,401858519,2026-11-14T05:00Z,pre,false,Purdue Boilermakers,PUR,0,1-2,Iowa Hawkeyes,IOWA,0,3-0,false,true,Kinnick Stadium,,,,,,https://www.espn.com/college-football/game/_/gameId/401858519
CFB,2026,11,401858520,2026-11-14T05:00Z,pre,false,Wisconsin Badgers,WIS,0,2-1,Maryland Terrapins,MD,0,2-1,false,true,SECU Stadium,,,,,,https://www.espn.com/college-football/game/_/gameId/401858520
CFB,2026,11,401858521,2026-11-14T05:00Z,pre,false,Washington Huskies,WASH,0,3-0,Michigan State Spartans,MSU,0,2-1,false,true,Spartan Stadium,,,,,,https://www.espn.com/college-football/game/_/gameId/401858521
CFB,2026,11,401858522,2026-11-14T05:00Z,pre,false,Northwestern Wildcats,NU,0,2-0,Ohio State Buckeyes,OSU,0,2-1,false,true,Ohio Stadium,,,,,,https://www.espn.com/college-football/game/_/gameId/401858522
CFB,2026,11,401858523,2026-11-14T05:00Z,pre,false,Michigan Wolverines,MICH,0,3-0,Oregon Ducks,ORE,0,2-1,false,true,Autzen Stadium,,ORE -13.5,-13.5,53.5,DraftKings,https://www.espn.com/college-football/game/_/gameId/401858523
CFB,2026,11,401858524,2026-11-14T05:00Z,pre,false,Minnesota Golden Gophers,MINN,0,2-1,Penn State Nittany Lions,PSU,0,3-0,false,true,Beaver Stadium,,,,,,https://www.espn.com/college-football/game/_/gameId/401858524
CFB,2026,11,401858525,2026-11-14T05:00Z,pre,false,Nebraska Cornhuskers,NEB,0,3-0,Rutgers Scarlet Knights,RUTG,0,0-3,false,true,SHI Stadium,,,,,,https://www.espn.com/college-football/game/_/gameId/401858525
CFB,2026,11,401862825,2026-11-14T05:00Z,pre,false,East Carolina Pirates,ECU,0,1-2,Charlotte 49ers,CLT,0,0-3,false,true,Jerry Richardson Stadium,,,,,,https://www.espn.com/college-football/game/_/gameId/401862825
CFB,2026,11,401862826,2026-11-14T05:00Z,pre,false,Florida Atlantic Owls,FAU,0,2-1,Tulsa Golden Hurricane,TLSA,0,3-0,false,true,H. A. Chapman Stadium,,,,,,https://www.espn.com/college-football/game/_/gameId/401862826
CFB,2026,11,401862827,2026-11-14T05:00Z,pre,false,North Texas Mean Green,UNT,0,1-2,UTSA Roadrunners,UTSA,0,2-1,false,true,Alamodome,,,,,,https://www.espn.com/college-football/game/_/gameId/401862827
CFB,2026,11,401862828,2026-11-14T05:00Z,pre,false,Tulane Green Wave,TULN,0,1-2,Rice Owls,RICE,0,1-2,false,true,Rice Stadium,,,,,,https://www.espn.com/college-football/game/_/gameId/401862828
CFB,2026,11,401862829,2026-11-14T05:00Z,pre,false,UAB Blazers,UAB,0,1-2,Temple Owls,TEM,0,1-2,false,true,Lincoln Financial Field,,,,,,https://www.espn.com/college-football/game/_/gameId/401862829
CFB,2026,11,401864536,2026-11-14T05:00Z,pre,false,Nevada Wolf Pack,NEV,0,1-2,Northern Illinois Huskies,NIU,0,0-3,false,true,Huskie Stadium,MW+,,,,,https://www.espn.com/college-football/game/_/gameId/401864536
CFB,2026,11,401864540,2026-11-14T05:00Z,pre,false,Wyoming Cowboys,WYO,0,1-2,UTEP Miners,UTEP,0,1-2,false,true,Sun Bowl,,,,,,https://www.espn.com/college-football/game/_/gameId/401864540
CFB,2026,11,401869928,2026-11-14T05:00Z,pre,false,App State Mountaineers,APP,0,3-0,Marshall Thundering Herd,MRSH,0,2-1,false,true,Joan C. Edwards Stadium,,,,,,https://www.espn.com/college-football/game/_/gameId/401869928
CFB,2026,11,401869937,2026-11-14T05:00Z,pre,false,Arkansas State Red Wolves,ARST,0,1-2,Coastal Carolina Chanticleers,CCU,0,1-2,false,true,Brooks Stadium (SC),,,,,,https://www.espn.com/college-football/game/_/gameId/401869937
CFB,2026,11,401869952,2026-11-14T05:00Z,pre,false,Georgia Southern Eagles,GASO,0,1-2,Georgia State Panthers,GAST,0,2-1,false,true,Center Parc Stadium,,,,,,https://www.espn.com/college-football/game/_/gameId/401869952
CFB,2026,11,401871099,2026-11-14T05:00Z,pre,false,Southern Miss Golden Eagles,USM,0,1-2,Louisiana Tech Bulldogs,LT,0,1-2,false,true,Joe Aillet Stadium,,,,,,https://www.espn.com/college-football/game/_/gameId/401871099
CFB,2026,11,401871100,2026-11-14T05:00Z,pre,false,Troy Trojans,TROY,0,2-1,South Alabama Jaguars,USA,0,2-1,false,true,Hancock Whitney Stadium,,,,,,https://www.espn.com/college-football/game/_/gameId/401871100
CFB,2026,11,401861967,2026-11-14T17:00Z,pre,false,James Madison Dukes,JMU,0,3-0,UConn Huskies,CONN,0,2-1,false,false,Pratt & Whitney Stadium,CBSSN,,,,,https://www.espn.com/college-football/game/_/gameId/401861967
CFB,2026,11,401870769,2026-11-14T19:00Z,pre,false,Kennesaw State Owls,KENN,0,1-2,Sam Houston Bearkats,SHSU,0,1-2,false,true,Elliott T. Bowers Stadium,,,,,,https://www.espn.com/college-football/game/_/gameId/401870769
CFB,2026,11,401870796,2026-11-14T20:00Z,pre,false,New Mexico State Aggies,NMSU,0,1-2,Missouri State Bears,MOST,0,1-2,false,true,Robert W. Plaster Stadium,,,,,,https://www.espn.com/college-football/game/_/gameId/401870796
CFB,2026,11,401871060,2026-11-14T20:00Z,pre,false,Florida International Panthers,FIU,0,1-2,Delaware Blue Hens,DEL,0,2-1,false,true,Delaware Stadium,,,,,,https://www.espn.com/college-football/game/_/gameId/401871060
CFB,2026,11,401858294,2026-11-14T20:30Z,pre,false,Boston College Eagles,BC,0,2-1,Notre Dame Fighting Irish,ND,0,3-0,false,false,Notre Dame Stadium,NBC,,,,,https://www.espn.com/college-football/game/_/gameId/401858294
CFB,2026,11,401870752,2026-11-14T20:30Z,pre,false,Jacksonville State Gamecocks,JXST,0,2-2,Western Kentucky Hilltoppers,WKU,0,0-3,false,true,Houchens Industries-L.T. Smith Stadium,,,,,,https://www.espn.com/college-football/game/_/gameId/401870752
CFB,2026,11,401871061,2026-11-14T20:30Z,pre,false,Middle Tennessee Blue Raiders,MTSU,0,2-1,Liberty Flames,LIB,0,2-1,false,true,Williams Stadium (VA),CBSSN,,,,,https://www.espn.com/college-football/game/_/gameId/401871061
CFB,2026,11,401860916,2026-11-14T21:00Z,pre,false,Fresno State Bulldogs,FRES,0,2-1,Texas State Bobcats,TXST,0,1-2,false,true,UFCU Stadium,CW,,,,,https://www.espn.com/college-football/game/_/gameId/401860916
CFB,2026,11,401860914,2026-11-14T23:00Z,pre,false,Oregon State Beavers,ORST,0,1-2,Boise State Broncos,BOIS,0,2-1,false,true,Albertsons Stadium,USA Net,,,,,https://www.espn.com/college-football/game/_/gameId/401860914
CFB,2026,11,401864538,2026-11-15T00:00Z,pre,false,San José State Spartans,SJSU,0,2-2,Air Force Falcons,AFA,0,1-1,false,true,Falcon Stadium,CBSSN,,,,,https://www.espn.com/college-football/game/_/gameId/401864538
CFB,2026,11,401864539,2026-11-15T00:30Z,pre,false,UNLV Rebels,UNLV,0,1-2,New Mexico Lobos,UNM,0,2-1,false,true,University Stadium (NM),CW,,,,,https://www.espn.com/college-football/game/_/gameId/401864539
CFB,2026,11,401860915,2026-11-15T02:30Z,pre,false,Utah State Aggies,USU,0,0-3,San Diego State Aztecs,SDSU,0,1-2,false,true,Snapdragon Stadium,USA Net,,,,,https://www.espn.com/college-football/game/_/gameId/401860915
CFB,2026,11,401860917,2026-11-15T03:30Z,pre,false,Colorado State Rams,CSU,0,2-1,Washington State Cougars,WSU,0,1-2,false,true,Martin Stadium,CBSSN,,,,,https://www.espn.com/college-football/game/_/gameId/401860917
CFB,2026,11,401864537,2026-11-15T04:59Z,pre,false,North Dakota State Bison,NDSU,0,4-0,Hawai'i Rainbow Warriors,HAW,0,1-2,false,true,Clarence T.C. Ching Athletics Complex,CW,,,,,https://www.espn.com/college-football/game/_/gameId/401864537
CFB,2026,12,401866464,2026-11-18T00:00Z,pre,false,Ball State Cardinals,BALL,0,1-2,Ohio Bobcats,OHIO,0,1-2,false,true,Peden Stadium,,,,,,https://www.espn.com/college-football/game/_/gameId/401866464
CFB,2026,12,401866465,2026-11-18T00:00Z,pre,false,Eastern Michigan Eagles,EMU,0,1-3,Western Michigan Broncos,WMU,0,2-1,false,true,Waldo Stadium,,,,,,https://www.espn.com/college-football/game/_/gameId/401866465
CFB,2026,12,401866466,2026-11-18T00:00Z,pre,false,Miami (OH) RedHawks,M-OH,0,1-2,Kent State Golden Flashes,KENT,0,1-2,false,true,Zoeller Field at Dix Stadium,,,,,,https://www.espn.com/college-football/game/_/gameId/401866466
CFB,2026,12,401866467,2026-11-18T05:00Z,pre,false,Akron Zips,AKR,0,1-2,Massachusetts Minutemen,MASS,0,3-0,false,true,Warren McGuirk Alumni Stadium,,,,,,https://www.espn.com/college-football/game/_/gameId/401866467
CFB,2026,12,401866469,2026-11-18T05:00Z,pre,false,Central Michigan Chippewas,CMU,0,2-1,Buffalo Bulls,BUFF,0,1-2,false,true,Broadview Stadium,,,,,,https://www.espn.com/college-football/game/_/gameId/401866469
CFB,2026,12,401862830,2026-11-20T00:30Z,pre,false,Rice Owls,RICE,0,1-2,Temple Owls,TEM,0,1-2,false,true,Lincoln Financial Field,ESPN,,,,,https://www.espn.com/college-football/game/_/gameId/401862830
CFB,2026,12,401856869,2026-11-20T23:00Z,pre,false,Iowa State Cyclones,ISU,0,2-1,UCF Knights,UCF,0,2-1,false,true,Acrisure Bounce House,FS1,,,,,https://www.espn.com/college-football/game/_/gameId/401856869
CFB,2026,12,401858303,2026-11-21T00:30Z,pre,false,Clemson Tigers,CLEM,0,2-1,Duke Blue Devils,DUKE,0,3-0,false,true,Wallace Wade Stadium,ESPN,,,,,https://www.espn.com/college-football/game/_/gameId/401858303
CFB,2026,12,401866468,2026-11-21T00:30Z,pre,false,Bowling Green Falcons,BGSU,0,0-3,Toledo Rockets,TOL,0,2-1,false,true,Glass Bowl,ESPN2,,,,,https://www.espn.com/college-football/game/_/gameId/401866468
CFB,2026,12,401858529,2026-11-21T01:00Z,pre,false,Oregon Ducks,ORE,0,2-1,Michigan State Spartans,MSU,0,2-1,false,true,Spartan Stadium,FOX,,,,,https://www.espn.com/college-football/game/_/gameId/401858529
CFB,2026,12,401864545,2026-11-21T01:00Z,pre,false,UTEP Miners,UTEP,0,1-2,Air Force Falcons,AFA,0,1-1,false,true,Falcon Stadium,CW,,,,,https://www.espn.com/college-football/game/_/gameId/401864545
CFB,2026,12,401856748,2026-11-21T05:00Z,pre,false,Vanderbilt Commodores,VAN,0,3-0,Florida Gators,FLA,0,3-0,false,true,Ben Hill Griffin Stadium,,,,,,https://www.espn.com/college-football/game/_/gameId/401856748
CFB,2026,12,401856751,2026-11-21T05:00Z,pre,false,Kentucky Wildcats,UK,0,2-1,Missouri Tigers,MIZ,0,3-0,false,true,Memorial Stadium,,,,,,https://www.espn.com/college-football/game/_/gameId/401856751
CFB,2026,12,401856752,2026-11-21T05:00Z,pre,false,Texas A&M Aggies,TA&M,0,2-1,Oklahoma Sooners,OU,0,2-1,false,true,"Memorial Stadium (Norman, OK)",,OU -2.5,-2.5,51.5,DraftKings,https://www.espn.com/college-football/game/_/gameId/401856752
CFB,2026,12,401856753,2026-11-21T05:00Z,pre,false,Georgia Bulldogs,UGA,0,3-0,South Carolina Gamecocks,SC,0,2-1,false,true,Williams-Brice Stadium,,,,,,https://www.espn.com/college-football/game/_/gameId/401856753
CFB,2026,12,401856754,2026-11-21T05:00Z,pre,false,LSU Tigers,LSU,0,2-1,Tennessee Volunteers,TENN,0,3-0,false,true,Neyland Stadium,,LSU -1.5,1.5,57.5,DraftKings,https://www.espn.com/college-football/game/_/gameId/401856754
CFB,2026,12,401856755,2026-11-21T05:00Z,pre,false,Arkansas Razorbacks,ARK,0,1-2,Texas Longhorns,TEX,0,3-0,false,true,DKR-Texas Memorial Stadium,,,,,,https://www.espn.com/college-football/game/_/gameId/401856755
CFB,2026,12,401856865,2026-11-21T05:00Z,pre,false,Arizona Wildcats,ARIZ,0,2-1,Kansas State Wildcats,KSU,0,3-0,false,true,Bill Snyder Family Stadium,,,,,,https://www.espn.com/college-football/game/_/gameId/401856865
CFB,2026,12,401856866,2026-11-21T05:00Z,pre,false,BYU Cougars,BYU,0,3-0,Kansas Jayhawks,KU,0,1-2,false,true,David Booth Kansas Memorial Stadium,,,,,,https://www.espn.com/college-football/game/_/gameId/401856866
CFB,2026,12,401856867,2026-11-21T05:00Z,pre,false,Colorado Buffaloes,COLO,0,2-1,Cincinnati Bearcats,CIN,0,3-0,false,true,Nippert Stadium,,,,,,https://www.espn.com/college-football/game/_/gameId/401856867
CFB,2026,12,401856868,2026-11-21T05:00Z,pre,false,Houston Cougars,HOU,0,2-1,West Virginia Mountaineers,WVU,0,3-0,false,true,Milan Puskar Stadium,,,,,,https://www.espn.com/college-football/game/_/gameId/401856868
CFB,2026,12,401856870,2026-11-21T05:00Z,pre,false,Oklahoma State Cowboys,OKST,0,2-1,Arizona State Sun Devils,ASU,0,2-1,false,true,Mountain America Stadium,,,,,,https://www.espn.com/college-football/game/_/gameId/401856870
CFB,2026,12,401856871,2026-11-21T05:00Z,pre,false,Texas Tech Red Raiders,TTU,0,3-0,Baylor Bears,BAY,0,2-1,false,true,McLane Stadium,,,,,,https://www.espn.com/college-football/game/_/gameId/401856871
CFB,2026,12,401856872,2026-11-21T05:00Z,pre,false,Utah Utes,UTAH,0,3-0,TCU Horned Frogs,TCU,0,2-1,false,true,Amon G. Carter Stadium,,,,,,https://www.espn.com/college-football/game/_/gameId/401856872
CFB,2026,12,401858302,2026-11-21T05:00Z,pre,false,Virginia Tech Hokies,VT,0,3-0,Miami Hurricanes,MIA,0,3-0,false,true,Hard Rock Stadium,,MIA -16.5,-16.5,56.5,DraftKings,https://www.espn.com/college-football/game/_/gameId/401858302
CFB,2026,12,401858304,2026-11-21T05:00Z,pre,false,NC State Wolfpack,NCSU,0,1-2,Florida State Seminoles,FSU,0,1-2,false,true,Doak Campbell Stadium,,,,,,https://www.espn.com/college-football/game/_/gameId/401858304
CFB,2026,12,401858305,2026-11-21T05:00Z,pre,false,North Carolina Tar Heels,UNC,0,2-1,Virginia Cavaliers,UVA,0,2-1,false,true,Scott Stadium,,,,,,https://www.espn.com/college-football/game/_/gameId/401858305
CFB,2026,12,401858306,2026-11-21T05:00Z,pre,false,Pittsburgh Panthers,PITT,0,3-0,Louisville Cardinals,LOU,0,2-1,false,true,L&N Federal Credit Union Stadium,,,,,,https://www.espn.com/college-football/game/_/gameId/401858306
CFB,2026,12,401858308,2026-11-21T05:00Z,pre,false,Stanford Cardinal,STAN,0,1-2,California Golden Bears,CAL,0,2-1,false,true,California Memorial Stadium,,,,,,https://www.espn.com/college-football/game/_/gameId/401858308
CFB,2026,12,401858309,2026-11-21T05:00Z,pre,false,Syracuse Orange,SYR,0,1-2,Boston College Eagles,BC,0,2-1,false,true,"Alumni Stadium (Chestnut Hill, MA)",,,,,,https://www.espn.com/college-football/game/_/gameId/401858309
CFB,2026,12,401858310,2026-11-21T05:00Z,pre,false,Wake Forest Demon Deacons,WAKE,0,2-1,Georgia Tech Yellow Jackets,GT,0,1-2,false,true,Bobby Dodd Stadium,,,,,,https://www.espn.com/college-football/game/_/gameId/401858310
CFB,2026,12,401858527,2026-11-21T05:00Z,pre,false,Iowa Hawkeyes,IOWA,0,3-0,Illinois Fighting Illini,ILL,0,2-1,false,true,Gies Memorial Stadium,,,,,,https://www.espn.com/college-football/game/_/gameId/401858527
CFB,2026,12,401858528,2026-11-21T05:00Z,pre,false,UCLA Bruins,UCLA,0,3-0,Michigan Wolverines,MICH,0,3-0,false,true,Michigan Stadium,,,,,,https://www.espn.com/college-football/game/_/gameId/401858528
CFB,2026,12,401858530,2026-11-21T05:00Z,pre,false,Northwestern Wildcats,NU,0,2-0,Minnesota Golden Gophers,MINN,0,2-1,false,true,Huntington Bank Stadium,,,,,,https://www.espn.com/college-football/game/_/gameId/401858530
CFB,2026,12,401858531,2026-11-21T05:00Z,pre,false,Ohio State Buckeyes,OSU,0,2-1,Nebraska Cornhuskers,NEB,0,3-0,false,true,"Memorial Stadium (Lincoln, NE)",,,,,,https://www.espn.com/college-football/game/_/gameId/401858531
CFB,2026,12,401858532,2026-11-21T05:00Z,pre,false,Rutgers Scarlet Knights,RUTG,0,0-3,Penn State Nittany Lions,PSU,0,3-0,false,true,Beaver Stadium,,,,,,https://www.espn.com/college-football/game/_/gameId/401858532
CFB,2026,12,401858533,2026-11-21T05:00Z,pre,false,Wisconsin Badgers,WIS,0,2-1,Purdue Boilermakers,PUR,0,1-2,false,true,Ross-Ade Stadium,,,,,,https://www.espn.com/college-football/game/_/gameId/401858533
CFB,2026,12,401858534,2026-11-21T05:00Z,pre,false,Maryland Terrapins,MD,0,2-1,USC Trojans,USC,0,4-0,false,true,Los Angeles Memorial Coliseum,,,,,,https://www.espn.com/college-football/game/_/gameId/401858534
CFB,2026,12,401858535,2026-11-21T05:00Z,pre,false,Indiana Hoosiers,IU,0,3-0,Washington Huskies,WASH,0,3-0,false,true,Husky Stadium,,,,,,https://www.espn.com/college-football/game/_/gameId/401858535
CFB,2026,12,401862832,2026-11-21T05:00Z,pre,false,Charlotte 49ers,CLT,0,0-3,Tulsa Golden Hurricane,TLSA,0,3-0,false,true,H. A. Chapman Stadium,,,,,,https://www.espn.com/college-football/game/_/gameId/401862832
CFB,2026,12,401862833,2026-11-21T05:00Z,pre,false,South Florida Bulls,USF,0,3-0,Florida Atlantic Owls,FAU,0,2-1,false,true,Flagler Credit Union Stadium,,,,,,https://www.espn.com/college-football/game/_/gameId/401862833
CFB,2026,12,401862835,2026-11-21T05:00Z,pre,false,North Texas Mean Green,UNT,0,1-2,Tulane Green Wave,TULN,0,1-2,false,true,Yulman Stadium,,,,,,https://www.espn.com/college-football/game/_/gameId/401862835
CFB,2026,12,401862836,2026-11-21T05:00Z,pre,false,UTSA Roadrunners,UTSA,0,2-1,UAB Blazers,UAB,0,1-2,false,true,Protective Stadium,,,,,,https://www.espn.com/college-football/game/_/gameId/401862836
CFB,2026,12,401864541,2026-11-21T05:00Z,pre,false,Hawai'i Rainbow Warriors,HAW,0,1-2,Nevada Wolf Pack,NEV,0,1-2,false,true,Mackay Stadium,,,,,,https://www.espn.com/college-football/game/_/gameId/401864541
CFB,2026,12,401869929,2026-11-21T05:00Z,pre,false,UL Monroe Warhawks,ULM,0,0-3,App State Mountaineers,APP,0,3-0,false,true,Kidd Brewer Stadium,,,,,,https://www.espn.com/college-football/game/_/gameId/401869929
CFB,2026,12,401869938,2026-11-21T05:00Z,pre,false,Arkansas State Red Wolves,ARST,0,1-2,Louisiana Tech Bulldogs,LT,0,1-2,false,true,Joe Aillet Stadium,,,,,,https://www.espn.com/college-football/game/_/gameId/401869938
CFB,2026,12,401869946,2026-11-21T05:00Z,pre,false,Coastal Carolina Chanticleers,CCU,0,1-2,Louisiana Ragin' Cajuns,UL,0,2-1,false,true,Our Lady of Lourdes Stadium,,,,,,https://www.espn.com/college-football/game/_/gameId/401869946
CFB,2026,12,401869953,2026-11-21T05:00Z,pre,false,Georgia Southern Eagles,GASO,0,1-2,Troy Trojans,TROY,0,2-1,false,true,Veterans Memorial Stadium (AL),,,,,,https://www.espn.com/college-football/game/_/gameId/401869953
CFB,2026,12,401869958,2026-11-21T05:00Z,pre,false,Georgia State Panthers,GAST,0,2-1,Marshall Thundering Herd,MRSH,0,2-1,false,true,Joan C. Edwards Stadium,,,,,,https://www.espn.com/college-football/game/_/gameId/401869958
CFB,2026,12,401871101,2026-11-21T05:00Z,pre,false,South Alabama Jaguars,USA,0,2-1,Southern Miss Golden Eagles,USM,0,1-2,false,true,M. M. Roberts Stadium,,,,,,https://www.espn.com/college-football/game/_/gameId/401871101
CFB,2026,12,401856749,2026-11-21T17:00Z,pre,false,Wofford Terriers,WOF,0,2-2,Ole Miss Rebels,MISS,0,3-0,false,false,Vaught-Hemingway Stadium,SECN+,,,,,https://www.espn.com/college-football/game/_/gameId/401856749
CFB,2026,12,401862831,2026-11-21T17:00Z,pre,false,East Carolina Pirates,ECU,0,1-2,Army Black Knights,ARMY,0,1-1,false,true,Michie Stadium,CBSSN,,,,,https://www.espn.com/college-football/game/_/gameId/401862831
CFB,2026,12,401862834,2026-11-21T17:00Z,pre,false,Memphis Tigers,MEM,0,3-1,Navy Midshipmen,NAVY,0,1-1,false,true,Navy-Marine Corps Memorial Stadium,,,,,,https://www.espn.com/college-football/game/_/gameId/401862834
CFB,2026,12,401856750,2026-11-21T18:00Z,pre,false,Tennessee Tech Golden Eagles,TNTC,0,3-0,Mississippi State Bulldogs,MSST,0,3-0,false,false,Davis Wade Stadium,SECN+,,,,,https://www.espn.com/college-football/game/_/gameId/401856750
CFB,2026,12,401871080,2026-11-21T18:00Z,pre,false,Western Kentucky Hilltoppers,WKU,0,0-3,Liberty Flames,LIB,0,2-1,false,true,Williams Stadium (VA),,,,,,https://www.espn.com/college-football/game/_/gameId/401871080
CFB,2026,12,401856746,2026-11-21T19:00Z,pre,false,Chattanooga Mocs,UTC,0,2-2,Alabama Crimson Tide,ALA,0,3-0,false,false,Bryant-Denny Stadium,SECN+,,,,,https://www.espn.com/college-football/game/_/gameId/401856746
CFB,2026,12,401871079,2026-11-21T19:00Z,pre,false,Missouri State Bears,MOST,0,1-2,Jacksonville State Gamecocks,JXST,0,2-2,false,true,AmFirst Stadium,,,,,,https://www.espn.com/college-football/game/_/gameId/401871079
CFB,2026,12,401871081,2026-11-21T19:00Z,pre,false,Middle Tennessee Blue Raiders,MTSU,0,2-1,Sam Houston Bearkats,SHSU,0,1-2,false,true,Elliott T. Bowers Stadium,,,,,,https://www.espn.com/college-football/game/_/gameId/401871081
CFB,2026,12,401871077,2026-11-21T20:00Z,pre,false,Delaware Blue Hens,DEL,0,2-1,New Mexico State Aggies,NMSU,0,1-2,false,true,Aggie Memorial Stadium,,,,,,https://www.espn.com/college-football/game/_/gameId/401871077
CFB,2026,12,401871078,2026-11-21T20:00Z,pre,false,Florida International Panthers,FIU,0,1-2,Kennesaw State Owls,KENN,0,1-2,false,true,Walens Family Field at Fifth Third Stadium,,,,,,https://www.espn.com/college-football/game/_/gameId/401871078
CFB,2026,12,401856747,2026-11-21T20:30Z,pre,false,Samford Bulldogs,SAM,0,0-3,Auburn Tigers,AUB,0,2-1,false,false,Jordan-Hare Stadium,SECN+,,,,,https://www.espn.com/college-football/game/_/gameId/401856747
CFB,2026,12,401861968,2026-11-21T20:30Z,pre,false,Old Dominion Monarchs,ODU,0,1-2,UConn Huskies,CONN,0,2-1,false,false,Pratt & Whitney Stadium,CBSSN,,,,,https://www.espn.com/college-football/game/_/gameId/401861968
CFB,2026,12,401864543,2026-11-21T21:00Z,pre,false,Northern Illinois Huskies,NIU,0,0-3,North Dakota State Bison,NDSU,0,4-0,false,true,Fargodome,CW,,,,,https://www.espn.com/college-football/game/_/gameId/401864543
CFB,2026,12,401860920,2026-11-21T23:00Z,pre,false,Washington State Cougars,WSU,0,1-2,Texas State Bobcats,TXST,0,1-2,false,true,UFCU Stadium,USA Net,,,,,https://www.espn.com/college-football/game/_/gameId/401860920
CFB,2026,12,401864544,2026-11-22T00:00Z,pre,false,UNLV Rebels,UNLV,0,1-2,San José State Spartans,SJSU,0,2-2,false,true,CEFCU Stadium,CBSSN,,,,,https://www.espn.com/college-football/game/_/gameId/401864544
CFB,2026,12,401858307,2026-11-22T00:30Z,pre,false,SMU Mustangs,SMU,0,2-1,Notre Dame Fighting Irish,ND,0,3-0,false,false,Notre Dame Stadium,NBC,ND -17.5,-17.5,56.5,DraftKings,https://www.espn.com/college-football/game/_/gameId/401858307
CFB,2026,12,401860918,2026-11-22T00:30Z,pre,false,Colorado State Rams,CSU,0,2-1,Fresno State Bulldogs,FRES,0,2-1,false,true,Valley Children's Stadium,CW,,,,,https://www.espn.com/college-football/game/_/gameId/401860918
CFB,2026,12,401864542,2026-11-22T02:00Z,pre,false,New Mexico Lobos,UNM,0,2-1,Wyoming Cowboys,WYO,0,1-2,false,true,War Memorial Stadium,FS1,,,,,https://www.espn.com/college-football/game/_/gameId/401864542
CFB,2026,12,401860925,2026-11-22T02:30Z,pre,false,San Diego State Aztecs,SDSU,0,1-2,Boise State Broncos,BOIS,0,2-1,false,true,Albertsons Stadium,USA Net,,,,,https://www.espn.com/college-football/game/_/gameId/401860925
CFB,2026,12,401860919,2026-11-22T03:30Z,pre,false,Utah State Aggies,USU,0,0-3,Oregon State Beavers,ORST,0,1-2,false,true,Reser Stadium,CBSSN,,,,,https://www.espn.com/college-football/game/_/gameId/401860919
CFB,2026,13,401866471,2026-11-24T05:00Z,pre,false,Miami (OH) RedHawks,M-OH,0,1-2,Western Michigan Broncos,WMU,0,2-1,false,true,Waldo Stadium,,,,,,https://www.espn.com/college-football/game/_/gameId/401866471
CFB,2026,13,401866470,2026-11-25T00:00Z,pre,false,Kent State Golden Flashes,KENT,0,1-2,Eastern Michigan Eagles,EMU,0,1-3,false,true,Rynearson Stadium,,,,,,https://www.espn.com/college-football/game/_/gameId/401866470
CFB,2026,13,401856879,2026-11-27T01:00Z,pre,false,TCU Horned Frogs,TCU,0,2-1,Texas Tech Red Raiders,TTU,0,3-0,false,true,Galaxy Stadium,ESPN,TTU -16.5,-16.5,55.5,DraftKings,https://www.espn.com/college-football/game/_/gameId/401856879
CFB,2026,13,401862837,2026-11-27T05:00Z,pre,false,Florida Atlantic Owls,FAU,0,2-1,East Carolina Pirates,ECU,0,1-2,false,true,Dowdy-Ficklen Stadium,,,,,,https://www.espn.com/college-football/game/_/gameId/401862837
CFB,2026,13,401862838,2026-11-27T05:00Z,pre,false,Temple Owls,TEM,0,1-2,Memphis Tigers,MEM,0,3-1,false,true,Simmons Bank Liberty Stadium,,,,,,https://www.espn.com/college-football/game/_/gameId/401862838
CFB,2026,13,401862839,2026-11-27T05:00Z,pre,false,Tulane Green Wave,TULN,0,1-2,South Florida Bulls,USF,0,3-0,false,true,Raymond James Stadium,,,,,,https://www.espn.com/college-football/game/_/gameId/401862839
CFB,2026,13,401856762,2026-11-27T17:00Z,pre,false,Mississippi State Bulldogs,MSST,0,3-0,Ole Miss Rebels,MISS,0,3-0,false,true,Vaught-Hemingway Stadium,ABC,MISS -14.5,-14.5,57.5,DraftKings,https://www.espn.com/college-football/game/_/gameId/401856762
CFB,2026,13,401858536,2026-11-27T17:00Z,pre,false,Nebraska Cornhuskers,NEB,0,3-0,Iowa Hawkeyes,IOWA,0,3-0,false,true,Kinnick Stadium,CBS,,,,,https://www.espn.com/college-football/game/_/gameId/401858536
CFB,2026,13,401866472,2026-11-27T17:00Z,pre,false,Buffalo Bulls,BUFF,0,1-2,Akron Zips,AKR,0,1-2,false,true,InfoCision Stadium,,,,,,https://www.espn.com/college-football/game/_/gameId/401866472
CFB,2026,13,401866473,2026-11-27T17:00Z,pre,false,Toledo Rockets,TOL,0,2-1,Ohio Bobcats,OHIO,0,1-2,false,true,Peden Stadium,,,,,,https://www.espn.com/college-football/game/_/gameId/401866473
CFB,2026,13,401869930,2026-11-27T20:00Z,pre,false,App State Mountaineers,APP,0,3-0,South Alabama Jaguars,USA,0,2-1,false,true,Hancock Whitney Stadium,ESPN+,,,,,https://www.espn.com/college-football/game/_/gameId/401869930
CFB,2026,13,401856759,2026-11-27T20:30Z,pre,false,Florida Gators,FLA,0,3-0,Florida State Seminoles,FSU,0,1-2,false,false,Doak Campbell Stadium,ABC,FLA -4.5,4.5,52.5,DraftKings,https://www.espn.com/college-football/game/_/gameId/401856759
CFB,2026,13,401864549,2026-11-27T20:30Z,pre,false,North Dakota State Bison,NDSU,0,4-0,San José State Spartans,SJSU,0,2-2,false,true,CEFCU Stadium,CBSSN,,,,,https://www.espn.com/college-football/game/_/gameId/401864549
CFB,2026,13,401856756,2026-11-28T00:30Z,pre,false,Texas Longhorns,TEX,0,3-0,Texas A&M Aggies,TA&M,0,2-1,false,true,Kyle Field,ABC,TEX -2.5,2.5,53.5,DraftKings,https://www.espn.com/college-football/game/_/gameId/401856756
CFB,2026,13,401858544,2026-11-28T00:30Z,pre,false,Minnesota Golden Gophers,MINN,0,2-1,Wisconsin Badgers,WIS,0,2-1,false,true,Camp Randall Stadium,NBC,,,,,https://www.espn.com/college-football/game/_/gameId/401858544
CFB,2026,13,401856880,2026-11-28T02:00Z,pre,false,West Virginia Mountaineers,WVU,0,3-0,Utah Utes,UTAH,0,3-0,false,true,Rice-Eccles Stadium,FOX,,,,,https://www.espn.com/college-football/game/_/gameId/401856880
CFB,2026,13,401856757,2026-11-28T05:00Z,pre,false,Auburn Tigers,AUB,0,2-1,Alabama Crimson Tide,ALA,0,3-0,false,true,Bryant-Denny Stadium,,ALA -10,-10,52.5,DraftKings,https://www.espn.com/college-football/game/_/gameId/401856757
CFB,2026,13,401856758,2026-11-28T05:00Z,pre,false,LSU Tigers,LSU,0,2-1,Arkansas Razorbacks,ARK,0,1-2,false,true,Donald W. Reynolds Razorback Stadium,,,,,,https://www.espn.com/college-football/game/_/gameId/401856758
CFB,2026,13,401856760,2026-11-28T05:00Z,pre,false,Georgia Tech Yellow Jackets,GT,0,1-2,Georgia Bulldogs,UGA,0,3-0,false,false,Sanford Stadium,,,,,,https://www.espn.com/college-football/game/_/gameId/401856760
CFB,2026,13,401856761,2026-11-28T05:00Z,pre,false,Louisville Cardinals,LOU,0,2-1,Kentucky Wildcats,UK,0,2-1,false,false,Kroger Field,,,,,,https://www.espn.com/college-football/game/_/gameId/401856761
CFB,2026,13,401856763,2026-11-28T05:00Z,pre,false,Oklahoma Sooners,OU,0,2-1,Missouri Tigers,MIZ,0,3-0,false,true,Memorial Stadium,,,,,,https://www.espn.com/college-football/game/_/gameId/401856763
CFB,2026,13,401856764,2026-11-28T05:00Z,pre,false,South Carolina Gamecocks,SC,0,2-1,Clemson Tigers,CLEM,0,2-1,false,false,"Memorial Stadium (Clemson, SC)",,CLEM -3,-3,53.5,DraftKings,https://www.espn.com/college-football/game/_/gameId/401856764
CFB,2026,13,401856765,2026-11-28T05:00Z,pre,false,Tennessee Volunteers,TENN,0,3-0,Vanderbilt Commodores,VAN,0,3-0,false,true,FirstBank Stadium,,TENN -3,3,57.5,DraftKings,https://www.espn.com/college-football/game/_/gameId/401856765
CFB,2026,13,401856873,2026-11-28T05:00Z,pre,false,Arizona State Sun Devils,ASU,0,2-1,Arizona Wildcats,ARIZ,0,2-1,false,true,Casino Del Sol Stadium,,ARIZ -4.5,-4.5,52.5,DraftKings,https://www.espn.com/college-football/game/_/gameId/401856873
CFB,2026,13,401856874,2026-11-28T05:00Z,pre,false,Baylor Bears,BAY,0,2-1,Houston Cougars,HOU,0,2-1,false,true,TDECU Stadium,,,,,,https://www.espn.com/college-football/game/_/gameId/401856874
CFB,2026,13,401856875,2026-11-28T05:00Z,pre,false,UCF Knights,UCF,0,2-1,Colorado Buffaloes,COLO,0,2-1,false,true,Folsom Field,,,,,,https://www.espn.com/college-football/game/_/gameId/401856875
CFB,2026,13,401856876,2026-11-28T05:00Z,pre,false,Cincinnati Bearcats,CIN,0,3-0,BYU Cougars,BYU,0,3-0,false,true,LaVell Edwards Stadium,,,,,,https://www.espn.com/college-football/game/_/gameId/401856876
CFB,2026,13,401856877,2026-11-28T05:00Z,pre,false,Kansas Jayhawks,KU,0,1-2,Oklahoma State Cowboys,OKST,0,2-1,false,true,Boone Pickens Stadium,,,,,,https://www.espn.com/college-football/game/_/gameId/401856877
CFB,2026,13,401856878,2026-11-28T05:00Z,pre,false,Kansas State Wildcats,KSU,0,3-0,Iowa State Cyclones,ISU,0,2-1,false,true,Jack Trice Stadium,,,,,,https://www.espn.com/college-football/game/_/gameId/401856878
CFB,2026,13,401858311,2026-11-28T05:00Z,pre,false,Boston College Eagles,BC,0,2-1,Miami Hurricanes,MIA,0,3-0,false,true,Hard Rock Stadium,,,,,,https://www.espn.com/college-football/game/_/gameId/401858311
CFB,2026,13,401858312,2026-11-28T05:00Z,pre,false,Duke Blue Devils,DUKE,0,3-0,Wake Forest Demon Deacons,WAKE,0,2-1,false,true,Allegacy Federal Credit Union Stadium,,,,,,https://www.espn.com/college-football/game/_/gameId/401858312
CFB,2026,13,401858313,2026-11-28T05:00Z,pre,false,NC State Wolfpack,NCSU,0,1-2,North Carolina Tar Heels,UNC,0,2-1,false,true,Kenan Stadium,,NCSU -1.5,1.5,55.5,DraftKings,https://www.espn.com/college-football/game/_/gameId/401858313
CFB,2026,13,401858314,2026-11-28T05:00Z,pre,false,Notre Dame Fighting Irish,ND,0,3-0,Syracuse Orange,SYR,0,1-2,false,false,JMA Wireless Dome,,,,,,https://www.espn.com/college-football/game/_/gameId/401858314
CFB,2026,13,401858315,2026-11-28T05:00Z,pre,false,Pittsburgh Panthers,PITT,0,3-0,California Golden Bears,CAL,0,2-1,false,true,California Memorial Stadium,,,,,,https://www.espn.com/college-football/game/_/gameId/401858315
CFB,2026,13,401858316,2026-11-28T05:00Z,pre,false,SMU Mustangs,SMU,0,2-1,Stanford Cardinal,STAN,0,1-2,false,true,Stanford Stadium,,,,,,https://www.espn.com/college-football/game/_/gameId/401858316
CFB,2026,13,401858317,2026-11-28T05:00Z,pre,false,Virginia Cavaliers,UVA,0,2-1,Virginia Tech Hokies,VT,0,3-0,false,true,Lane Stadium,,VT -1.5,-1.5,53.5,DraftKings,https://www.espn.com/college-football/game/_/gameId/401858317
CFB,2026,13,401858537,2026-11-28T05:00Z,pre,false,Illinois Fighting Illini,ILL,0,2-1,Northwestern Wildcats,NU,0,2-0,false,true,Ryan Field,,ILL -3.5,3.5,52.5,DraftKings,https://www.espn.com/college-football/game/_/gameId/401858537
CFB,2026,13,401858538,2026-11-28T05:00Z,pre,false,Purdue Boilermakers,PUR,0,1-2,Indiana Hoosiers,IU,0,3-0,false,true,"Memorial Stadium (Bloomington, IN)",,,,,,https://www.espn.com/college-football/game/_/gameId/401858538
CFB,2026,13,401858539,2026-11-28T05:00Z,pre,false,Penn State Nittany Lions,PSU,0,3-0,Maryland Terrapins,MD,0,2-1,false,true,SECU Stadium,,,,,,https://www.espn.com/college-football/game/_/gameId/401858539
CFB,2026,13,401858541,2026-11-28T05:00Z,pre,false,Washington Huskies,WASH,0,3-0,Oregon Ducks,ORE,0,2-1,false,true,Autzen Stadium,,ORE -15.5,-15.5,54.5,DraftKings,https://www.espn.com/college-football/game/_/gameId/401858541
CFB,2026,13,401858542,2026-11-28T05:00Z,pre,false,Michigan State Spartans,MSU,0,2-1,Rutgers Scarlet Knights,RUTG,0,0-3,false,true,SHI Stadium,,,,,,https://www.espn.com/college-football/game/_/gameId/401858542
CFB,2026,13,401858543,2026-11-28T05:00Z,pre,false,USC Trojans,USC,0,4-0,UCLA Bruins,UCLA,0,3-0,false,true,Rose Bowl,,USC -10.5,10.5,55.5,DraftKings,https://www.espn.com/college-football/game/_/gameId/401858543
CFB,2026,13,401860926,2026-11-28T05:00Z,pre,false,TBD,TBD,0,,Colorado State Rams,CSU,0,2-1,false,true,Canvas Stadium,,,,,,https://www.espn.com/college-football/game/_/gameId/401860926
CFB,2026,13,401860927,2026-11-28T05:00Z,pre,false,TBD,TBD,0,,Fresno State Bulldogs,FRES,0,2-1,false,true,Valley Children's Stadium,,,,,,https://www.espn.com/college-football/game/_/gameId/401860927
CFB,2026,13,401860928,2026-11-28T05:00Z,pre,false,TBD,TBD,0,,Utah State Aggies,USU,0,0-3,false,false,Maverik Stadium,,,,,,https://www.espn.com/college-football/game/_/gameId/401860928
CFB,2026,13,401860929,2026-11-28T05:00Z,pre,false,TBD,TBD,0,,Washington State Cougars,WSU,0,1-2,false,true,Martin Stadium,,,,,,https://www.espn.com/college-football/game/_/gameId/401860929
CFB,2026,13,401861969,2026-11-28T05:00Z,pre,false,UConn Huskies,CONN,0,2-1,Wyoming Cowboys,WYO,0,1-2,false,false,War Memorial Stadium,,,,,,https://www.espn.com/college-football/game/_/gameId/401861969
CFB,2026,13,401862840,2026-11-28T05:00Z,pre,false,Tulsa Golden Hurricane,TLSA,0,3-0,UTSA Roadrunners,UTSA,0,2-1,false,true,Alamodome,,,,,,https://www.espn.com/college-football/game/_/gameId/401862840
CFB,2026,13,401862841,2026-11-28T05:00Z,pre,false,Army Black Knights,ARMY,0,1-1,Rice Owls,RICE,0,1-2,false,true,Rice Stadium,,,,,,https://www.espn.com/college-football/game/_/gameId/401862841
CFB,2026,13,401862842,2026-11-28T05:00Z,pre,false,Navy Midshipmen,NAVY,0,1-1,Charlotte 49ers,CLT,0,0-3,false,true,Jerry Richardson Stadium,,,,,,https://www.espn.com/college-football/game/_/gameId/401862842
CFB,2026,13,401862843,2026-11-28T05:00Z,pre,false,UAB Blazers,UAB,0,1-2,North Texas Mean Green,UNT,0,1-2,false,true,DATCU Stadium,,,,,,https://www.espn.com/college-football/game/_/gameId/401862843
CFB,2026,13,401864550,2026-11-28T05:00Z,pre,false,UTEP Miners,UTEP,0,1-2,Northern Illinois Huskies,NIU,0,0-3,false,true,Huskie Stadium,MW+,,,,,https://www.espn.com/college-football/game/_/gameId/401864550
CFB,2026,13,401869947,2026-11-28T05:00Z,pre,false,Coastal Carolina Chanticleers,CCU,0,1-2,James Madison Dukes,JMU,0,3-0,false,true,Bridgeforth Stadium,,,,,,https://www.espn.com/college-football/game/_/gameId/401869947
CFB,2026,13,401869954,2026-11-28T05:00Z,pre,false,Louisiana Tech Bulldogs,LT,0,1-2,Georgia Southern Eagles,GASO,0,1-2,false,true,Allen E. Paulson Stadium,,,,,,https://www.espn.com/college-football/game/_/gameId/401869954
CFB,2026,13,401869959,2026-11-28T05:00Z,pre,false,Louisiana Ragin' Cajuns,UL,0,2-1,Georgia State Panthers,GAST,0,2-1,false,true,Center Parc Stadium,,,,,,https://www.espn.com/college-football/game/_/gameId/401869959
CFB,2026,13,401871102,2026-11-28T05:00Z,pre,false,Marshall Thundering Herd,MRSH,0,2-1,UL Monroe Warhawks,ULM,0,0-3,false,true,Malone Stadium,,,,,,https://www.espn.com/college-football/game/_/gameId/401871102
CFB,2026,13,401871103,2026-11-28T05:00Z,pre,false,Southern Miss Golden Eagles,USM,0,1-2,Old Dominion Monarchs,ODU,0,1-2,false,true,S.B. Ballard Stadium,,,,,,https://www.espn.com/college-football/game/_/gameId/401871103
CFB,2026,13,401858540,2026-11-28T17:00Z,pre,false,Michigan Wolverines,MICH,0,3-0,Ohio State Buckeyes,OSU,0,2-1,false,true,Ohio Stadium,FOX,OSU -13.5,-13.5,46.5,DraftKings,https://www.espn.com/college-football/game/_/gameId/401858540
CFB,2026,13,401866474,2026-11-28T17:00Z,pre,false,Central Michigan Chippewas,CMU,0,2-1,Ball State Cardinals,BALL,0,1-2,false,true,Scheumann Stadium,,,,,,https://www.espn.com/college-football/game/_/gameId/401866474
CFB,2026,13,401866475,2026-11-28T17:00Z,pre,false,Massachusetts Minutemen,MASS,0,3-0,Bowling Green Falcons,BGSU,0,0-3,false,true,Doyt L. Perry Stadium,,,,,,https://www.espn.com/college-football/game/_/gameId/401866475
CFB,2026,13,401870804,2026-11-28T18:00Z,pre,false,Kennesaw State Owls,KENN,0,1-2,Western Kentucky Hilltoppers,WKU,0,0-3,false,true,Houchens Industries-L.T. Smith Stadium,,,,,,https://www.espn.com/college-football/game/_/gameId/401870804
CFB,2026,13,401871063,2026-11-28T19:00Z,pre,false,Liberty Flames,LIB,0,2-1,Missouri State Bears,MOST,0,1-2,false,true,Robert W. Plaster Stadium,,,,,,https://www.espn.com/college-football/game/_/gameId/401871063
CFB,2026,13,401871082,2026-11-28T19:00Z,pre,false,Sam Houston Bearkats,SHSU,0,1-2,Florida International Panthers,FIU,0,1-2,false,true,Pitbull Stadium,,,,,,https://www.espn.com/college-football/game/_/gameId/401871082
CFB,2026,13,401871083,2026-11-28T19:00Z,pre,false,New Mexico State Aggies,NMSU,0,1-2,Middle Tennessee Blue Raiders,MTSU,0,2-1,false,true,"Johnny ""Red"" Floyd Stadium",,,,,,https://www.espn.com/college-football/game/_/gameId/401871083
CFB,2026,13,401869939,2026-11-28T20:00Z,pre,false,Troy Trojans,TROY,0,2-1,Arkansas State Red Wolves,ARST,0,1-2,false,true,Centennial Bank Stadium,,,,,,https://www.espn.com/college-football/game/_/gameId/401869939
CFB,2026,13,401871062,2026-11-28T20:30Z,pre,false,Jacksonville State Gamecocks,JXST,0,2-2,Delaware Blue Hens,DEL,0,2-1,false,true,Delaware Stadium,CBSSN,,,,,https://www.espn.com/college-football/game/_/gameId/401871062
CFB,2026,13,401864546,2026-11-28T21:30Z,pre,false,Air Force Falcons,AFA,0,1-1,New Mexico Lobos,UNM,0,2-1,false,true,University Stadium (NM),CW,,,,,https://www.espn.com/college-football/game/_/gameId/401864546
CFB,2026,13,401864548,2026-11-29T02:00Z,pre,false,Nevada Wolf Pack,NEV,0,1-2,UNLV Rebels,UNLV,0,1-2,false,true,Allegiant Stadium,CBSSN,,,,,https://www.espn.com/college-football/game/_/gameId/401864548
CFB,2026,13,401864547,2026-11-29T04:00Z,pre,false,Sacramento State Hornets,SAC,0,1-3,Hawai'i Rainbow Warriors,HAW,0,1-2,false,false,Clarence T.C. Ching Athletics Complex,MW+,,,,,https://www.espn.com/college-football/game/_/gameId/401864547
CFB,2026,14,401869535,2026-12-04T05:00Z,pre,false,TBD,TBD,0,,TBD,TBD,0,,false,false,,,,,,,https://www.espn.com/college-football/game/_/gameId/401869535
CFB,2026,14,401869546,2026-12-05T00:00Z,pre,false,TBD,TBD,0,,TBD,TBD,0,,false,false,,ESPN,,,,,https://www.espn.com/college-football/game/_/gameId/401869546
CFB,2026,14,401869533,2026-12-05T01:00Z,pre,false,TBD,TBD,0,,TBD,TBD,0,,true,false,AT&T Stadium,ABC,,,,,https://www.espn.com/college-football/game/_/gameId/401869533
CFB,2026,14,401869542,2026-12-05T01:00Z,pre,false,TBD,TBD,0,,TBD,TBD,0,,false,false,,CBS,,,,,https://www.espn.com/college-football/game/_/gameId/401869542
CFB,2026,14,401874049,2026-12-05T02:00Z,pre,false,TBD,TBD,0,,TBD,TBD,0,,false,false,,FOX,,,,,https://www.espn.com/college-football/game/_/gameId/401874049
CFB,2026,14,401858318,2026-12-05T17:00Z,pre,false,TBD,TBD,0,,TBD,TBD,0,,true,false,Bank of America Stadium,ABC,,,,,https://www.espn.com/college-football/game/_/gameId/401858318
CFB,2026,14,401869536,2026-12-05T17:00Z,pre,false,TBD,TBD,0,,TBD,TBD,0,,true,false,Ford Field,ESPN,,,,,https://www.espn.com/college-football/game/_/gameId/401869536
CFB,2026,14,401869545,2026-12-05T21:00Z,pre,false,TBD,TBD,0,,TBD,TBD,0,,true,false,Mercedes-Benz Stadium,ABC,,,,,https://www.espn.com/college-football/game/_/gameId/401869545
CFB,2026,14,401869532,2026-12-06T01:00Z,pre,false,TBD,TBD,0,,TBD,TBD,0,,false,false,,ABC,,,,,https://www.espn.com/college-football/game/_/gameId/401869532
CFB,2026,14,401869534,2026-12-06T01:00Z,pre,false,TBD,TBD,0,,TBD,TBD,0,,true,false,Lucas Oil Stadium,FOX,,,,,https://www.espn.com/college-football/game/_/gameId/401869534
CFB,2026,15,401862844,2026-12-12T20:00Z,pre,false,Navy Midshipmen,NAVY,0,1-1,Army Black Knights,ARMY,0,1-1,true,true,MetLife Stadium,CBS,NAVY -2.5,2.5,37.5,DraftKings,https://www.espn.com/college-football/game/_/gameId/401862844
NFL,2026,1,401872656,2026-09-10T00:20Z,post,true,New England Patriots,NE,10,0-1,Seattle Seahawks,SEA,13,1-0,false,false,Lumen Field,NBC,,,,,https://www.espn.com/nfl/game/_/gameId/401872656
NFL,2026,1,401872657,2026-09-11T00:35Z,post,true,San Francisco 49ers,SF,27,1-0,Los Angeles Rams,LAR,7,0-1,true,false,Melbourne Cricket Ground,Netflix,,,,,https://www.espn.com/nfl/game/_/gameId/401872657
NFL,2026,1,401872658,2026-09-13T17:00Z,post,true,Atlanta Falcons,ATL,13,0-1,Pittsburgh Steelers,PIT,20,1-0,false,false,Acrisure Stadium,FOX,,,,,https://www.espn.com/nfl/game/_/gameId/401872658
NFL,2026,1,401872659,2026-09-13T17:00Z,post,true,Baltimore Ravens,BAL,41,1-0,Indianapolis Colts,IND,23,0-1,false,false,Lucas Oil Stadium,CBS,,,,,https://www.espn.com/nfl/game/_/gameId/401872659
NFL,2026,1,401872660,2026-09-13T17:00Z,post,true,Buffalo Bills,BUF,36,1-0,Houston Texans,HOU,31,0-1,false,false,Reliant Stadium,CBS,,,,,https://www.espn.com/nfl/game/_/gameId/401872660
NFL,2026,1,401872661,2026-09-13T17:00Z,post,true,Chicago Bears,CHI,59,1-0,Carolina Panthers,CAR,37,0-1,false,false,Bank of America Stadium,FOX,,,,,https://www.espn.com/nfl/game/_/gameId/401872661
NFL,2026,1,401872922,2026-09-13T17:00Z,post,true,Cleveland Browns,CLE,10,0-1,Jacksonville Jaguars,JAX,34,1-0,false,false,EverBank Stadium,CBS,,,,,https://www.espn.com/nfl/game/_/gameId/401872922
NFL,2026,1,401872923,2026-09-13T17:00Z,post,true,New Orleans Saints,NO,30,0-1,Detroit Lions,DET,31,1-0,false,false,Ford Field,FOX,,,,,https://www.espn.com/nfl/game/_/gameId/401872923
NFL,2026,1,401872924,2026-09-13T17:00Z,post,true,New York Jets,NYJ,23,1-0,Tennessee Titans,TEN,10,0-1,false,false,Nissan Stadium,CBS,,,,,https://www.espn.com/nfl/game/_/gameId/401872924
NFL,2026,1,401872925,2026-09-13T17:00Z,post,true,Tampa Bay Buccaneers,TB,27,0-1,Cincinnati Bengals,CIN,33,1-0,false,false,Paycor Stadium,FOX,,,,,https://www.espn.com/nfl/game/_/gameId/401872925
NFL,2026,1,401872926,2026-09-13T20:25Z,post,true,Arizona Cardinals,ARI,26,1-0,Los Angeles Chargers,LAC,14,0-1,false,false,SoFi Stadium,CBS,,,,,https://www.espn.com/nfl/game/_/gameId/401872926
NFL,2026,1,401872927,2026-09-13T20:25Z,post,true,Green Bay Packers,GB,22,0-1,Minnesota Vikings,MIN,39,1-0,false,false,U.S. Bank Stadium,CBS,,,,,https://www.espn.com/nfl/game/_/gameId/401872927
NFL,2026,1,401872928,2026-09-13T20:25Z,post,true,Miami Dolphins,MIA,13,0-1,Las Vegas Raiders,LV,27,1-0,false,false,Allegiant Stadium,FOX,,,,,https://www.espn.com/nfl/game/_/gameId/401872928
NFL,2026,1,401872929,2026-09-13T20:25Z,post,true,Washington Commanders,WSH,22,0-1,Philadelphia Eagles,PHI,24,1-0,false,false,Lincoln Financial Field,FOX,,,,,https://www.espn.com/nfl/game/_/gameId/401872929
NFL,2026,1,401872930,2026-09-14T00:20Z,post,true,Dallas Cowboys,DAL,20,0-1,New York Giants,NYG,28,1-0,false,false,MetLife Stadium,NBC,,,,,https://www.espn.com/nfl/game/_/gameId/401872930
NFL,2026,1,401872931,2026-09-15T00:15Z,post,true,Denver Broncos,DEN,10,0-1,Kansas City Chiefs,KC,31,1-0,false,false,Arrowhead Stadium,ESPN / ABC,,,,,https://www.espn.com/nfl/game/_/gameId/401872931
NFL,2026,2,401872932,2026-09-18T00:15Z,post,true,Detroit Lions,DET,31,1-1,Buffalo Bills,BUF,41,2-0,false,false,Highmark Stadium,Prime Video,,,,,https://www.espn.com/nfl/game/_/gameId/401872932
NFL,2026,2,401872933,2026-09-20T17:00Z,post,true,Carolina Panthers,CAR,34,1-1,Atlanta Falcons,ATL,3,0-2,false,false,Mercedes-Benz Stadium,FOX,,,,,https://www.espn.com/nfl/game/_/gameId/401872933
NFL,2026,2,401872934,2026-09-20T17:00Z,post,true,Cincinnati Bengals,CIN,20,2-0,Houston Texans,HOU,6,0-2,false,false,Reliant Stadium,CBS,,,,,https://www.espn.com/nfl/game/_/gameId/401872934
NFL,2026,2,401872935,2026-09-20T17:00Z,post,true,Cleveland Browns,CLE,23,1-1,Tampa Bay Buccaneers,TB,19,0-2,false,false,Raymond James Stadium,CBS,,,,,https://www.espn.com/nfl/game/_/gameId/401872935
NFL,2026,2,401872936,2026-09-20T17:00Z,post,true,Green Bay Packers,GB,20,1-1,New York Jets,NYJ,17,1-1,false,false,MetLife Stadium,FOX,,,,,https://www.espn.com/nfl/game/_/gameId/401872936
NFL,2026,2,401872937,2026-09-20T17:00Z,post,true,Minnesota Vikings,MIN,9,2-0,Chicago Bears,CHI,3,1-1,false,false,Soldier Field,FOX,,,,,https://www.espn.com/nfl/game/_/gameId/401872937
NFL,2026,2,401872938,2026-09-20T17:00Z,post,true,New Orleans Saints,NO,24,1-1,Baltimore Ravens,BAL,17,1-1,false,false,M&T Bank Stadium,CBS,,,,,https://www.espn.com/nfl/game/_/gameId/401872938
NFL,2026,2,401872939,2026-09-20T17:00Z,post,true,Philadelphia Eagles,PHI,24,2-0,Tennessee Titans,TEN,20,0-2,false,false,Nissan Stadium,FOX,,,,,https://www.espn.com/nfl/game/_/gameId/401872939
NFL,2026,2,401872946,2026-09-20T17:00Z,post,true,Pittsburgh Steelers,PIT,3,1-1,New England Patriots,NE,20,1-1,false,false,Gillette Stadium,CBS,,,,,https://www.espn.com/nfl/game/_/gameId/401872946
NFL,2026,2,401872940,2026-09-20T20:05Z,post,true,Jacksonville Jaguars,JAX,13,1-1,Denver Broncos,DEN,20,1-1,false,false,Empower Field at Mile High,CBS,,,,,https://www.espn.com/nfl/game/_/gameId/401872940
NFL,2026,2,401872941,2026-09-20T20:05Z,post,true,Las Vegas Raiders,LV,26,2-0,Los Angeles Chargers,LAC,14,0-2,false,false,SoFi Stadium,CBS,,,,,https://www.espn.com/nfl/game/_/gameId/401872941
NFL,2026,2,401872942,2026-09-20T20:25Z,post,true,Miami Dolphins,MIA,13,0-2,San Francisco 49ers,SF,35,2-0,false,false,Levi's Stadium,FOX,,,,,https://www.espn.com/nfl/game/_/gameId/401872942
NFL,2026,2,401872943,2026-09-20T20:25Z,post,true,Seattle Seahawks,SEA,31,2-0,Arizona Cardinals,ARI,7,1-1,false,false,State Farm Stadium,FOX,,,,,https://www.espn.com/nfl/game/_/gameId/401872943
NFL,2026,2,401872944,2026-09-20T20:25Z,post,true,Washington Commanders,WSH,20,0-2,Dallas Cowboys,DAL,37,1-1,false,false,AT&T Stadium,FOX,,,,,https://www.espn.com/nfl/game/_/gameId/401872944
NFL,2026,2,401872945,2026-09-21T00:20Z,post,true,Indianapolis Colts,IND,30,0-2,Kansas City Chiefs,KC,33,2-0,false,false,Arrowhead Stadium,NBC,,,,,https://www.espn.com/nfl/game/_/gameId/401872945
NFL,2026,2,401872947,2026-09-22T00:15Z,pre,false,New York Giants,NYG,0,1-0,Los Angeles Rams,LAR,0,0-1,false,false,SoFi Stadium,ESPN / ABC,LAR -6.5,-6.5,47.5,DraftKings,https://www.espn.com/nfl/game/_/gameId/401872947
NFL,2026,3,401872948,2026-09-25T00:15Z,pre,false,Atlanta Falcons,ATL,0,0-2,Green Bay Packers,GB,0,1-1,false,false,Lambeau Field,Prime Video,GB -7,-7,44.5,DraftKings,https://www.espn.com/nfl/game/_/gameId/401872948
NFL,2026,3,401872949,2026-09-27T17:00Z,pre,false,Carolina Panthers,CAR,0,1-1,Cleveland Browns,CLE,0,1-1,false,false,Huntington Bank Field,FOX,CAR -2.5,2.5,41.5,DraftKings,https://www.espn.com/nfl/game/_/gameId/401872949
NFL,2026,3,401872950,2026-09-27T17:00Z,pre,false,Cincinnati Bengals,CIN,0,2-0,Pittsburgh Steelers,PIT,0,1-1,false,false,Acrisure Stadium,CBS,CIN -3.5,3.5,42.5,DraftKings,https://www.espn.com/nfl/game/_/gameId/401872950
NFL,2026,3,401872951,2026-09-27T17:00Z,pre,false,Houston Texans,HOU,0,0-2,Indianapolis Colts,IND,0,0-2,false,false,Lucas Oil Stadium,CBS,HOU -1.5,1.5,43.5,DraftKings,https://www.espn.com/nfl/game/_/gameId/401872951
NFL,2026,3,401872952,2026-09-27T17:00Z,pre,false,Kansas City Chiefs,KC,0,2-0,Miami Dolphins,MIA,0,0-2,false,false,Hard Rock Stadium,CBS,KC -10.5,10.5,45.5,DraftKings,https://www.espn.com/nfl/game/_/gameId/401872952
NFL,2026,3,401872953,2026-09-27T17:00Z,pre,false,Los Angeles Chargers,LAC,0,0-2,Buffalo Bills,BUF,0,2-0,false,false,Highmark Stadium,FOX,BUF -7,-7,50.5,DraftKings,https://www.espn.com/nfl/game/_/gameId/401872953
NFL,2026,3,401872954,2026-09-27T17:00Z,pre,false,New York Jets,NYJ,0,1-1,Detroit Lions,DET,0,1-1,false,false,Ford Field,FOX,DET -6.5,-6.5,48.5,DraftKings,https://www.espn.com/nfl/game/_/gameId/401872954
NFL,2026,3,401872955,2026-09-27T17:00Z,pre,false,Seattle Seahawks,SEA,0,2-0,Washington Commanders,WSH,0,0-2,false,false,Northwest Stadium,FOX,SEA -6.5,6.5,40.5,DraftKings,https://www.espn.com/nfl/game/_/gameId/401872955
NFL,2026,3,401872956,2026-09-27T17:00Z,pre,false,Tennessee Titans,TEN,0,0-2,New York Giants,NYG,0,1-0,false,false,MetLife Stadium,CBS,NYG -6,-6,43.5,DraftKings,https://www.espn.com/nfl/game/_/gameId/401872956
NFL,2026,3,401872957,2026-09-27T17:00Z,pre,false,New England Patriots,NE,0,1-1,Jacksonville Jaguars,JAX,0,1-1,false,false,EverBank Stadium,CBS,JAX -2.5,-2.5,44.5,DraftKings,https://www.espn.com/nfl/game/_/gameId/401872957
NFL,2026,3,401872958,2026-09-27T20:05Z,pre,false,Arizona Cardinals,ARI,0,1-1,San Francisco 49ers,SF,0,2-0,false,false,Levi's Stadium,FOX,SF -8.5,-8.5,48.5,DraftKings,https://www.espn.com/nfl/game/_/gameId/401872958
NFL,2026,3,401872959,2026-09-27T20:05Z,pre,false,Minnesota Vikings,MIN,0,2-0,Tampa Bay Buccaneers,TB,0,0-2,false,false,Raymond James Stadium,FOX,MIN -2.5,2.5,43.5,DraftKings,https://www.espn.com/nfl/game/_/gameId/401872959
NFL,2026,3,401872960,2026-09-27T20:25Z,pre,false,Baltimore Ravens,BAL,0,1-1,Dallas Cowboys,DAL,0,1-1,true,false,Maracanã Stadium,CBS,BAL -3,3,52.5,DraftKings,https://www.espn.com/nfl/game/_/gameId/401872960
NFL,2026,3,401872961,2026-09-27T20:25Z,pre,false,Las Vegas Raiders,LV,0,2-0,New Orleans Saints,NO,0,1-1,false,false,Caesars Superdome,CBS,NO -3,-3,43.5,DraftKings,https://www.espn.com/nfl/game/_/gameId/401872961
NFL,2026,3,401872962,2026-09-28T00:20Z,pre,false,Los Angeles Rams,LAR,0,0-1,Denver Broncos,DEN,0,1-1,false,false,Empower Field at Mile High,NBC,LAR -2.5,2.5,45.5,DraftKings,https://www.espn.com/nfl/game/_/gameId/401872962
NFL,2026,3,401872963,2026-09-29T00:15Z,pre,false,Philadelphia Eagles,PHI,0,2-0,Chicago Bears,CHI,0,1-1,false,false,Soldier Field,ESPN / ABC,PHI -4.5,4.5,44.5,DraftKings,https://www.espn.com/nfl/game/_/gameId/401872963
NFL,2026,4,401872964,2026-10-02T00:15Z,pre,false,Pittsburgh Steelers,PIT,0,1-1,Cleveland Browns,CLE,0,1-1,false,false,Huntington Bank Field,Prime Video,PIT -2.5,2.5,40.5,DraftKings,https://www.espn.com/nfl/game/_/gameId/401872964
NFL,2026,4,401872965,2026-10-04T13:30Z,pre,false,Indianapolis Colts,IND,0,0-2,Washington Commanders,WSH,0,0-2,true,false,Tottenham Hotspur Stadium,NFL Net,WSH -1.5,-1.5,50.5,DraftKings,https://www.espn.com/nfl/game/_/gameId/401872965
NFL,2026,4,401872966,2026-10-04T17:00Z,pre,false,Arizona Cardinals,ARI,0,1-1,New York Giants,NYG,0,1-0,false,false,MetLife Stadium,CBS,NYG -7,-7,45.5,DraftKings,https://www.espn.com/nfl/game/_/gameId/401872966
NFL,2026,4,401872967,2026-10-04T17:00Z,pre,false,Dallas Cowboys,DAL,0,1-1,Houston Texans,HOU,0,0-2,false,false,Reliant Stadium,FOX,HOU -2.5,-2.5,47.5,DraftKings,https://www.espn.com/nfl/game/_/gameId/401872967
NFL,2026,4,401872968,2026-10-04T17:00Z,pre,false,Green Bay Packers,GB,0,1-1,Tampa Bay Buccaneers,TB,0,0-2,false,false,Raymond James Stadium,FOX,GB -1.5,1.5,47.5,DraftKings,https://www.espn.com/nfl/game/_/gameId/401872968
NFL,2026,4,401872969,2026-10-04T17:00Z,pre,false,Jacksonville Jaguars,JAX,0,1-1,Cincinnati Bengals,CIN,0,2-0,false,false,Paycor Stadium,CBS,CIN -2.5,-2.5,51.5,DraftKings,https://www.espn.com/nfl/game/_/gameId/401872969
NFL,2026,4,401872970,2026-10-04T17:00Z,pre,false,Los Angeles Rams,LAR,0,0-1,Philadelphia Eagles,PHI,0,2-0,false,false,Lincoln Financial Field,FOX,LAR -1.5,1.5,47.5,DraftKings,https://www.espn.com/nfl/game/_/gameId/401872970
NFL,2026,4,401872971,2026-10-04T17:00Z,pre,false,New England Patriots,NE,0,1-1,Buffalo Bills,BUF,0,2-0,false,false,Highmark Stadium,CBS,BUF -3,-3,49.5,DraftKings,https://www.espn.com/nfl/game/_/gameId/401872971
NFL,2026,4,401872972,2026-10-04T17:00Z,pre,false,New York Jets,NYJ,0,1-1,Chicago Bears,CHI,0,1-1,false,false,Soldier Field,FOX,CHI -8.5,-8.5,45.5,DraftKings,https://www.espn.com/nfl/game/_/gameId/401872972
NFL,2026,4,401872973,2026-10-04T17:00Z,pre,false,Tennessee Titans,TEN,0,0-2,Baltimore Ravens,BAL,0,1-1,false,false,M&T Bank Stadium,CBS,BAL -8.5,-8.5,47.5,DraftKings,https://www.espn.com/nfl/game/_/gameId/401872973
NFL,2026,4,401872974,2026-10-04T20:05Z,pre,false,Miami Dolphins,MIA,0,0-2,Minnesota Vikings,MIN,0,2-0,false,false,U.S. Bank Stadium,FOX,MIN -7.5,-7.5,43.5,DraftKings,https://www.espn.com/nfl/game/_/gameId/401872974
NFL,2026,4,401872975,2026-10-04T20:25Z,pre,false,Denver Broncos,DEN,0,1-1,San Francisco 49ers,SF,0,2-0,false,false,Levi's Stadium,CBS,SF -2.5,-2.5,46.5,DraftKings,https://www.espn.com/nfl/game/_/gameId/401872975
NFL,2026,4,401872976,2026-10-04T20:25Z,pre,false,Kansas City Chiefs,KC,0,2-0,Las Vegas Raiders,LV,0,2-0,false,false,Allegiant Stadium,CBS,KC -5.5,5.5,43.5,DraftKings,https://www.espn.com/nfl/game/_/gameId/401872976
NFL,2026,4,401872977,2026-10-04T20:25Z,pre,false,Los Angeles Chargers,LAC,0,0-2,Seattle Seahawks,SEA,0,2-0,false,false,Lumen Field,CBS,SEA -3,-3,45.5,DraftKings,https://www.espn.com/nfl/game/_/gameId/401872977
NFL,2026,4,401872978,2026-10-05T00:20Z,pre,false,Detroit Lions,DET,0,1-1,Carolina Panthers,CAR,0,1-1,false,false,Bank of America Stadium,NBC,DET -3,3,47.5,DraftKings,https://www.espn.com/nfl/game/_/gameId/401872978
NFL,2026,4,401872979,2026-10-06T00:15Z,pre,false,Atlanta Falcons,ATL,0,0-2,New Orleans Saints,NO,0,1-1,false,false,Caesars Superdome,ESPN,NO -2.5,-2.5,45.5,DraftKings,https://www.espn.com/nfl/game/_/gameId/401872979
NFL,2026,5,401872980,2026-10-09T00:15Z,pre,false,Tampa Bay Buccaneers,TB,0,0-2,Dallas Cowboys,DAL,0,1-1,false,false,AT&T Stadium,Prime Video,DAL -3.5,-3.5,52.5,DraftKings,https://www.espn.com/nfl/game/_/gameId/401872980
NFL,2026,5,401872981,2026-10-11T13:30Z,pre,false,Philadelphia Eagles,PHI,0,2-0,Jacksonville Jaguars,JAX,0,1-1,true,false,Tottenham Hotspur Stadium,NFL Net,PHI -1.5,1.5,45.5,DraftKings,https://www.espn.com/nfl/game/_/gameId/401872981
NFL,2026,5,401872982,2026-10-11T17:00Z,pre,false,Cincinnati Bengals,CIN,0,2-0,Miami Dolphins,MIA,0,0-2,false,false,Hard Rock Stadium,FOX,CIN -6,6,49.5,DraftKings,https://www.espn.com/nfl/game/_/gameId/401872982
NFL,2026,5,401872983,2026-10-11T17:00Z,pre,false,Cleveland Browns,CLE,0,1-1,New York Jets,NYJ,0,1-1,false,false,MetLife Stadium,CBS,NYJ -1.5,-1.5,39.5,DraftKings,https://www.espn.com/nfl/game/_/gameId/401872983
NFL,2026,5,401872984,2026-10-11T17:00Z,pre,false,Houston Texans,HOU,0,0-2,Tennessee Titans,TEN,0,0-2,false,false,Nissan Stadium,CBS,HOU -3.5,3.5,43.5,DraftKings,https://www.espn.com/nfl/game/_/gameId/401872984
NFL,2026,5,401872985,2026-10-11T17:00Z,pre,false,Indianapolis Colts,IND,0,0-2,Pittsburgh Steelers,PIT,0,1-1,false,false,Acrisure Stadium,CBS,PIT -2.5,-2.5,47.5,DraftKings,https://www.espn.com/nfl/game/_/gameId/401872985
NFL,2026,5,401872986,2026-10-11T17:00Z,pre,false,Las Vegas Raiders,LV,0,2-0,New England Patriots,NE,0,1-1,false,false,Gillette Stadium,CBS,NE -8.5,-8.5,44.5,DraftKings,https://www.espn.com/nfl/game/_/gameId/401872986
NFL,2026,5,401872987,2026-10-11T17:00Z,pre,false,Minnesota Vikings,MIN,0,2-0,New Orleans Saints,NO,0,1-1,false,false,Caesars Superdome,FOX,MIN -1.5,1.5,44.5,DraftKings,https://www.espn.com/nfl/game/_/gameId/401872987
NFL,2026,5,401872988,2026-10-11T17:00Z,pre,false,New York Giants,NYG,0,1-0,Washington Commanders,WSH,0,0-2,false,false,Northwest Stadium,FOX,WSH -2.5,-2.5,48.5,DraftKings,https://www.espn.com/nfl/game/_/gameId/401872988
NFL,2026,5,401872989,2026-10-11T20:05Z,pre,false,Denver Broncos,DEN,0,1-1,Los Angeles Chargers,LAC,0,0-2,false,false,SoFi Stadium,CBS,LAC -2.5,-2.5,44.5,DraftKings,https://www.espn.com/nfl/game/_/gameId/401872989
NFL,2026,5,401872990,2026-10-11T20:25Z,pre,false,Chicago Bears,CHI,0,1-1,Green Bay Packers,GB,0,1-1,false,false,Lambeau Field,FOX,GB -3,-3,49.5,DraftKings,https://www.espn.com/nfl/game/_/gameId/401872990
NFL,2026,5,401872991,2026-10-11T20:25Z,pre,false,Detroit Lions,DET,0,1-1,Arizona Cardinals,ARI,0,1-1,false,false,State Farm Stadium,FOX,DET -8.5,8.5,48.5,DraftKings,https://www.espn.com/nfl/game/_/gameId/401872991
NFL,2026,5,401872992,2026-10-11T20:25Z,pre,false,San Francisco 49ers,SF,0,2-0,Seattle Seahawks,SEA,0,2-0,false,false,Lumen Field,FOX,SEA -3.5,-3.5,48.5,DraftKings,https://www.espn.com/nfl/game/_/gameId/401872992
NFL,2026,5,401872993,2026-10-12T00:20Z,pre,false,Baltimore Ravens,BAL,0,1-1,Atlanta Falcons,ATL,0,0-2,false,false,Mercedes-Benz Stadium,NBC,BAL -4.5,4.5,48.5,DraftKings,https://www.espn.com/nfl/game/_/gameId/401872993
NFL,2026,5,401872994,2026-10-13T00:15Z,pre,false,Buffalo Bills,BUF,0,2-0,Los Angeles Rams,LAR,0,0-1,false,false,SoFi Stadium,ESPN / ABC,LAR -3,-3,53.5,DraftKings,https://www.espn.com/nfl/game/_/gameId/401872994
NFL,2026,6,401872995,2026-10-16T00:15Z,pre,false,Seattle Seahawks,SEA,0,2-0,Denver Broncos,DEN,0,1-1,false,false,Empower Field at Mile High,Prime Video,SEA -1.5,1.5,43.5,DraftKings,https://www.espn.com/nfl/game/_/gameId/401872995
NFL,2026,6,401872996,2026-10-18T13:30Z,pre,false,Houston Texans,HOU,0,0-2,Jacksonville Jaguars,JAX,0,1-1,true,false,Wembley Stadium,NFL Net,JAX -1.5,-1.5,42.5,DraftKings,https://www.espn.com/nfl/game/_/gameId/401872996
NFL,2026,6,401872997,2026-10-18T17:00Z,pre,false,Baltimore Ravens,BAL,0,1-1,Cleveland Browns,CLE,0,1-1,false,false,Huntington Bank Field,FOX,BAL -6.5,6.5,44.5,DraftKings,https://www.espn.com/nfl/game/_/gameId/401872997
NFL,2026,6,401872998,2026-10-18T17:00Z,pre,false,Carolina Panthers,CAR,0,1-1,Philadelphia Eagles,PHI,0,2-0,false,false,Lincoln Financial Field,CBS,PHI -6.5,-6.5,43.5,DraftKings,https://www.espn.com/nfl/game/_/gameId/401872998
NFL,2026,6,401872999,2026-10-18T17:00Z,pre,false,Chicago Bears,CHI,0,1-1,Atlanta Falcons,ATL,0,0-2,false,false,Mercedes-Benz Stadium,FOX,CHI -3,3,47.5,DraftKings,https://www.espn.com/nfl/game/_/gameId/401872999
NFL,2026,6,401873000,2026-10-18T17:00Z,pre,false,New Orleans Saints,NO,0,1-1,New York Giants,NYG,0,1-0,false,false,MetLife Stadium,FOX,NYG -2.5,-2.5,44.5,DraftKings,https://www.espn.com/nfl/game/_/gameId/401873000
NFL,2026,6,401873001,2026-10-18T17:00Z,pre,false,New York Jets,NYJ,0,1-1,New England Patriots,NE,0,1-1,false,false,Gillette Stadium,CBS,NE -9.5,-9.5,42.5,DraftKings,https://www.espn.com/nfl/game/_/gameId/401873001
NFL,2026,6,401873002,2026-10-18T17:00Z,pre,false,Pittsburgh Steelers,PIT,0,1-1,Tampa Bay Buccaneers,TB,0,0-2,false,false,Raymond James Stadium,CBS,TB -1.5,-1.5,45.5,DraftKings,https://www.espn.com/nfl/game/_/gameId/401873002
NFL,2026,6,401873003,2026-10-18T17:00Z,pre,false,Tennessee Titans,TEN,0,0-2,Indianapolis Colts,IND,0,0-2,false,false,Lucas Oil Stadium,FOX,IND -3.5,-3.5,47.5,DraftKings,https://www.espn.com/nfl/game/_/gameId/401873003
NFL,2026,6,401873004,2026-10-18T20:05Z,pre,false,Arizona Cardinals,ARI,0,1-1,Los Angeles Rams,LAR,0,0-1,false,false,SoFi Stadium,FOX,LAR -13.5,-13.5,47.5,DraftKings,https://www.espn.com/nfl/game/_/gameId/401873004
NFL,2026,6,401873005,2026-10-18T20:25Z,pre,false,Buffalo Bills,BUF,0,2-0,Las Vegas Raiders,LV,0,2-0,false,false,Allegiant Stadium,CBS,BUF -6.5,6.5,47.5,DraftKings,https://www.espn.com/nfl/game/_/gameId/401873005
NFL,2026,6,401873006,2026-10-18T20:25Z,pre,false,Los Angeles Chargers,LAC,0,0-2,Kansas City Chiefs,KC,0,2-0,false,false,Arrowhead Stadium,CBS,KC -2.5,-2.5,46.5,DraftKings,https://www.espn.com/nfl/game/_/gameId/401873006
NFL,2026,6,401873007,2026-10-19T00:20Z,pre,false,Dallas Cowboys,DAL,0,1-1,Green Bay Packers,GB,0,1-1,false,false,Lambeau Field,NBC,GB -3,-3,51.5,DraftKings,https://www.espn.com/nfl/game/_/gameId/401873007
NFL,2026,6,401873008,2026-10-20T00:15Z,pre,false,Washington Commanders,WSH,0,0-2,San Francisco 49ers,SF,0,2-0,false,false,Levi's Stadium,ESPN / ABC,SF -5.5,-5.5,50.5,DraftKings,https://www.espn.com/nfl/game/_/gameId/401873008
NFL,2026,7,401873010,2026-10-23T00:15Z,pre,false,New England Patriots,NE,0,1-1,Chicago Bears,CHI,0,1-1,false,false,Soldier Field,Prime Video,CHI -1.5,-1.5,47.5,DraftKings,https://www.espn.com/nfl/game/_/gameId/401873010
NFL,2026,7,401873011,2026-10-25T13:30Z,pre,false,Pittsburgh Steelers,PIT,0,1-1,New Orleans Saints,NO,0,1-1,true,false,Stade de France,NFL Net,PIT -2.5,2.5,42.5,DraftKings,https://www.espn.com/nfl/game/_/gameId/401873011
NFL,2026,7,401873012,2026-10-25T17:00Z,pre,false,Cincinnati Bengals,CIN,0,2-0,Baltimore Ravens,BAL,0,1-1,false,false,M&T Bank Stadium,CBS,BAL -3.5,-3.5,51.5,DraftKings,https://www.espn.com/nfl/game/_/gameId/401873012
NFL,2026,7,401873013,2026-10-25T17:00Z,pre,false,Cleveland Browns,CLE,0,1-1,Tennessee Titans,TEN,0,0-2,false,false,Nissan Stadium,CBS,TEN -2.5,-2.5,40.5,DraftKings,https://www.espn.com/nfl/game/_/gameId/401873013
NFL,2026,7,401873014,2026-10-25T17:00Z,pre,false,Indianapolis Colts,IND,0,0-2,Minnesota Vikings,MIN,0,2-0,false,false,U.S. Bank Stadium,CBS,MIN -2.5,-2.5,46.5,DraftKings,https://www.espn.com/nfl/game/_/gameId/401873014
NFL,2026,7,401873015,2026-10-25T17:00Z,pre,false,Miami Dolphins,MIA,0,0-2,New York Jets,NYJ,0,1-1,false,false,MetLife Stadium,CBS,NYJ -2.5,-2.5,41.5,DraftKings,https://www.espn.com/nfl/game/_/gameId/401873015
NFL,2026,7,401873016,2026-10-25T17:00Z,pre,false,New York Giants,NYG,0,1-0,Houston Texans,HOU,0,0-2,false,false,Reliant Stadium,FOX,HOU -5.5,-5.5,43.5,DraftKings,https://www.espn.com/nfl/game/_/gameId/401873016
NFL,2026,7,401873017,2026-10-25T17:00Z,pre,false,San Francisco 49ers,SF,0,2-0,Atlanta Falcons,ATL,0,0-2,false,false,Mercedes-Benz Stadium,FOX,SF -4.5,4.5,47.5,DraftKings,https://www.espn.com/nfl/game/_/gameId/401873017
NFL,2026,7,401873018,2026-10-25T17:00Z,pre,false,Tampa Bay Buccaneers,TB,0,0-2,Carolina Panthers,CAR,0,1-1,false,false,Bank of America Stadium,FOX,TB -1.5,1.5,45.5,DraftKings,https://www.espn.com/nfl/game/_/gameId/401873018
NFL,2026,7,401873019,2026-10-25T20:05Z,pre,false,Denver Broncos,DEN,0,1-1,Arizona Cardinals,ARI,0,1-1,false,false,State Farm Stadium,CBS,DEN -7.5,7.5,43.5,DraftKings,https://www.espn.com/nfl/game/_/gameId/401873019
NFL,2026,7,401873020,2026-10-25T20:25Z,pre,false,Green Bay Packers,GB,0,1-1,Detroit Lions,DET,0,1-1,false,false,Ford Field,FOX,DET -2.5,-2.5,50.5,DraftKings,https://www.espn.com/nfl/game/_/gameId/401873020
NFL,2026,7,401873021,2026-10-25T20:25Z,pre,false,Los Angeles Rams,LAR,0,0-1,Las Vegas Raiders,LV,0,2-0,false,false,Allegiant Stadium,FOX,LAR -7.5,7.5,46.5,DraftKings,https://www.espn.com/nfl/game/_/gameId/401873021
NFL,2026,7,401873022,2026-10-26T00:20Z,pre,false,Kansas City Chiefs,KC,0,2-0,Seattle Seahawks,SEA,0,2-0,false,false,Lumen Field,NBC,SEA -3,-3,45.5,DraftKings,https://www.espn.com/nfl/game/_/gameId/401873022
NFL,2026,7,401873009,2026-10-27T00:15Z,pre,false,Dallas Cowboys,DAL,0,1-1,Philadelphia Eagles,PHI,0,2-0,false,false,Lincoln Financial Field,ESPN / ABC,PHI -3,-3,48.5,DraftKings,https://www.espn.com/nfl/game/_/gameId/401873009
NFL,2026,8,401873023,2026-10-30T00:15Z,pre,false,Carolina Panthers,CAR,0,1-1,Green Bay Packers,GB,0,1-1,false,false,Lambeau Field,Prime Video,GB -7,-7,45.5,DraftKings,https://www.espn.com/nfl/game/_/gameId/401873023
NFL,2026,8,401873024,2026-11-01T18:00Z,pre,false,Arizona Cardinals,ARI,0,1-1,Dallas Cowboys,DAL,0,1-1,false,false,AT&T Stadium,FOX,DAL -10.5,-10.5,47.5,DraftKings,https://www.espn.com/nfl/game/_/gameId/401873024
NFL,2026,8,401873025,2026-11-01T18:00Z,pre,false,Atlanta Falcons,ATL,0,0-2,Tampa Bay Buccaneers,TB,0,0-2,false,false,Raymond James Stadium,FOX,TB -4.5,-4.5,46.5,DraftKings,https://www.espn.com/nfl/game/_/gameId/401873025
NFL,2026,8,401873026,2026-11-01T18:00Z,pre,false,Baltimore Ravens,BAL,0,1-1,Buffalo Bills,BUF,0,2-0,false,false,Highmark Stadium,CBS,BUF -2.5,-2.5,51.5,DraftKings,https://www.espn.com/nfl/game/_/gameId/401873026
NFL,2026,8,401873027,2026-11-01T18:00Z,pre,false,Cleveland Browns,CLE,0,1-1,Pittsburgh Steelers,PIT,0,1-1,false,false,Acrisure Stadium,CBS,PIT -6,-6,39.5,DraftKings,https://www.espn.com/nfl/game/_/gameId/401873027
NFL,2026,8,401873028,2026-11-01T18:00Z,pre,false,Indianapolis Colts,IND,0,0-2,Jacksonville Jaguars,JAX,0,1-1,false,false,EverBank Stadium,CBS,JAX -4.5,-4.5,49.5,DraftKings,https://www.espn.com/nfl/game/_/gameId/401873028
NFL,2026,8,401873029,2026-11-01T18:00Z,pre,false,Las Vegas Raiders,LV,0,2-0,New York Jets,NYJ,0,1-1,false,false,MetLife Stadium,FOX,NYJ -1.5,-1.5,40.5,DraftKings,https://www.espn.com/nfl/game/_/gameId/401873029
NFL,2026,8,401873030,2026-11-01T18:00Z,pre,false,Minnesota Vikings,MIN,0,2-0,Detroit Lions,DET,0,1-1,false,false,Ford Field,FOX,DET -4.5,-4.5,47.5,DraftKings,https://www.espn.com/nfl/game/_/gameId/401873030
NFL,2026,8,401873031,2026-11-01T18:00Z,pre,false,Tennessee Titans,TEN,0,0-2,Cincinnati Bengals,CIN,0,2-0,false,false,Paycor Stadium,CBS,CIN -6.5,-6.5,49.5,DraftKings,https://www.espn.com/nfl/game/_/gameId/401873031
NFL,2026,8,401873032,2026-11-01T21:05Z,pre,false,Los Angeles Chargers,LAC,0,0-2,Los Angeles Rams,LAR,0,0-1,false,false,SoFi Stadium,FOX,LAR -4.5,-4.5,48.5,DraftKings,https://www.espn.com/nfl/game/_/gameId/401873032
NFL,2026,8,401873033,2026-11-01T21:25Z,pre,false,Kansas City Chiefs,KC,0,2-0,Denver Broncos,DEN,0,1-1,false,false,Empower Field at Mile High,CBS,DEN -1.5,-1.5,43.5,DraftKings,https://www.espn.com/nfl/game/_/gameId/401873033
NFL,2026,8,401873034,2026-11-01T21:25Z,pre,false,New England Patriots,NE,0,1-1,Miami Dolphins,MIA,0,0-2,false,false,Hard Rock Stadium,CBS,NE -7,7,45.5,DraftKings,https://www.espn.com/nfl/game/_/gameId/401873034
NFL,2026,8,401873035,2026-11-02T01:20Z,pre,false,Philadelphia Eagles,PHI,0,2-0,Washington Commanders,WSH,0,0-2,false,false,Northwest Stadium,NBC,PHI -1.5,1.5,46.5,DraftKings,https://www.espn.com/nfl/game/_/gameId/401873035
NFL,2026,8,401873036,2026-11-03T01:15Z,pre,false,Chicago Bears,CHI,0,1-1,Seattle Seahawks,SEA,0,2-0,false,false,Lumen Field,ESPN,SEA -4.5,-4.5,47.5,DraftKings,https://www.espn.com/nfl/game/_/gameId/401873036
NFL,2026,9,401873037,2026-11-06T01:15Z,pre,false,Jacksonville Jaguars,JAX,0,1-1,Baltimore Ravens,BAL,0,1-1,false,false,M&T Bank Stadium,Prime Video,BAL -4.5,-4.5,49.5,DraftKings,https://www.espn.com/nfl/game/_/gameId/401873037
NFL,2026,9,401873038,2026-11-08T14:30Z,pre,false,Cincinnati Bengals,CIN,0,2-0,Atlanta Falcons,ATL,0,0-2,true,false,Santiago Bernabéu,NFL Net,CIN -5.5,5.5,49.5,DraftKings,https://www.espn.com/nfl/game/_/gameId/401873038
NFL,2026,9,401873039,2026-11-08T18:00Z,pre,false,Cleveland Browns,CLE,0,1-1,New Orleans Saints,NO,0,1-1,false,false,Caesars Superdome,CBS,NO -3.5,-3.5,41.5,DraftKings,https://www.espn.com/nfl/game/_/gameId/401873039
NFL,2026,9,401873040,2026-11-08T18:00Z,pre,false,Dallas Cowboys,DAL,0,1-1,Indianapolis Colts,IND,0,0-2,false,false,Lucas Oil Stadium,FOX,DAL -1.5,1.5,52.5,DraftKings,https://www.espn.com/nfl/game/_/gameId/401873040
NFL,2026,9,401873041,2026-11-08T18:00Z,pre,false,Denver Broncos,DEN,0,1-1,Carolina Panthers,CAR,0,1-1,false,false,Bank of America Stadium,CBS,DEN -3,3,42.5,DraftKings,https://www.espn.com/nfl/game/_/gameId/401873041
NFL,2026,9,401873042,2026-11-08T18:00Z,pre,false,Detroit Lions,DET,0,1-1,Miami Dolphins,MIA,0,0-2,false,false,Hard Rock Stadium,FOX,DET -6.5,6.5,47.5,DraftKings,https://www.espn.com/nfl/game/_/gameId/401873042
NFL,2026,9,401873043,2026-11-08T18:00Z,pre,false,Los Angeles Rams,LAR,0,0-1,Washington Commanders,WSH,0,0-2,false,false,Northwest Stadium,FOX,LAR -5.5,5.5,50.5,DraftKings,https://www.espn.com/nfl/game/_/gameId/401873043
NFL,2026,9,401873044,2026-11-08T18:00Z,pre,false,New York Giants,NYG,0,1-0,Philadelphia Eagles,PHI,0,2-0,false,false,Lincoln Financial Field,FOX,PHI -5.5,-5.5,44.5,DraftKings,https://www.espn.com/nfl/game/_/gameId/401873044
NFL,2026,9,401873045,2026-11-08T18:00Z,pre,false,New York Jets,NYJ,0,1-1,Kansas City Chiefs,KC,0,2-0,false,false,Arrowhead Stadium,CBS,KC -9.5,-9.5,41.5,DraftKings,https://www.espn.com/nfl/game/_/gameId/401873045
NFL,2026,9,401873046,2026-11-08T21:05Z,pre,false,Houston Texans,HOU,0,0-2,Los Angeles Chargers,LAC,0,0-2,false,false,SoFi Stadium,CBS,LAC -2.5,-2.5,43.5,DraftKings,https://www.espn.com/nfl/game/_/gameId/401873046
NFL,2026,9,401873047,2026-11-08T21:05Z,pre,false,Las Vegas Raiders,LV,0,2-0,San Francisco 49ers,SF,0,2-0,false,false,Levi's Stadium,CBS,SF -8.5,-8.5,46.5,DraftKings,https://www.espn.com/nfl/game/_/gameId/401873047
NFL,2026,9,401873048,2026-11-08T21:25Z,pre,false,Arizona Cardinals,ARI,0,1-1,Seattle Seahawks,SEA,0,2-0,false,false,Lumen Field,FOX,SEA -13.5,-13.5,45.5,DraftKings,https://www.espn.com/nfl/game/_/gameId/401873048
NFL,2026,9,401873049,2026-11-08T21:25Z,pre,false,Green Bay Packers,GB,0,1-1,New England Patriots,NE,0,1-1,false,false,Gillette Stadium,FOX,NE -1.5,-1.5,46.5,DraftKings,https://www.espn.com/nfl/game/_/gameId/401873049
NFL,2026,9,401873050,2026-11-09T01:20Z,pre,false,Tampa Bay Buccaneers,TB,0,0-2,Chicago Bears,CHI,0,1-1,false,false,Soldier Field,NBC,CHI -3.5,-3.5,48.5,DraftKings,https://www.espn.com/nfl/game/_/gameId/401873050
NFL,2026,9,401873051,2026-11-10T01:15Z,pre,false,Buffalo Bills,BUF,0,2-0,Minnesota Vikings,MIN,0,2-0,false,false,U.S. Bank Stadium,ESPN / ABC,BUF -3,3,48.5,DraftKings,https://www.espn.com/nfl/game/_/gameId/401873051
NFL,2026,10,401873052,2026-11-13T01:15Z,pre,false,Washington Commanders,WSH,0,0-2,New York Giants,NYG,0,1-0,false,false,MetLife Stadium,Prime Video,NYG -1.5,-1.5,47.5,DraftKings,https://www.espn.com/nfl/game/_/gameId/401873052
NFL,2026,10,401873053,2026-11-15T14:30Z,pre,false,New England Patriots,NE,0,1-1,Detroit Lions,DET,0,1-1,true,false,FC Bayern Munich Stadium,FOX,DET -1.5,-1.5,48.5,DraftKings,https://www.espn.com/nfl/game/_/gameId/401873053
NFL,2026,10,401873054,2026-11-15T18:00Z,pre,false,Buffalo Bills,BUF,0,2-0,New York Jets,NYJ,0,1-1,false,false,MetLife Stadium,CBS,BUF -7,7,46.5,DraftKings,https://www.espn.com/nfl/game/_/gameId/401873054
NFL,2026,10,401873055,2026-11-15T18:00Z,pre,false,Carolina Panthers,CAR,0,1-1,New Orleans Saints,NO,0,1-1,false,false,Caesars Superdome,FOX,NO -1.5,-1.5,43.5,DraftKings,https://www.espn.com/nfl/game/_/gameId/401873055
NFL,2026,10,401873056,2026-11-15T18:00Z,pre,false,Houston Texans,HOU,0,0-2,Cleveland Browns,CLE,0,1-1,false,false,Huntington Bank Field,FOX,HOU -4.5,4.5,38.5,DraftKings,https://www.espn.com/nfl/game/_/gameId/401873056
NFL,2026,10,401873057,2026-11-15T18:00Z,pre,false,Jacksonville Jaguars,JAX,0,1-1,Tennessee Titans,TEN,0,0-2,false,false,Nissan Stadium,FOX,JAX -2.5,2.5,45.5,DraftKings,https://www.espn.com/nfl/game/_/gameId/401873057
NFL,2026,10,401873058,2026-11-15T18:00Z,pre,false,Kansas City Chiefs,KC,0,2-0,Atlanta Falcons,ATL,0,0-2,false,false,Mercedes-Benz Stadium,CBS,KC -4.5,4.5,45.5,DraftKings,https://www.espn.com/nfl/game/_/gameId/401873058
NFL,2026,10,401873059,2026-11-15T18:00Z,pre,false,Miami Dolphins,MIA,0,0-2,Indianapolis Colts,IND,0,0-2,false,false,Lucas Oil Stadium,CBS,IND -6.5,-6.5,47.5,DraftKings,https://www.espn.com/nfl/game/_/gameId/401873059
NFL,2026,10,401873060,2026-11-15T18:00Z,pre,false,Minnesota Vikings,MIN,0,2-0,Green Bay Packers,GB,0,1-1,false,false,Lambeau Field,FOX,GB -4.5,-4.5,45.5,DraftKings,https://www.espn.com/nfl/game/_/gameId/401873060
NFL,2026,10,401873061,2026-11-15T21:05Z,pre,false,Los Angeles Rams,LAR,0,0-1,Arizona Cardinals,ARI,0,1-1,false,false,State Farm Stadium,CBS,LAR -10.5,10.5,47.5,DraftKings,https://www.espn.com/nfl/game/_/gameId/401873061
NFL,2026,10,401873062,2026-11-15T21:05Z,pre,false,Seattle Seahawks,SEA,0,2-0,Las Vegas Raiders,LV,0,2-0,false,false,Allegiant Stadium,CBS,SEA -7,7,43.5,DraftKings,https://www.espn.com/nfl/game/_/gameId/401873062
NFL,2026,10,401873063,2026-11-15T21:25Z,pre,false,San Francisco 49ers,SF,0,2-0,Dallas Cowboys,DAL,0,1-1,false,false,AT&T Stadium,FOX,DAL -1.5,-1.5,52.5,DraftKings,https://www.espn.com/nfl/game/_/gameId/401873063
NFL,2026,10,401873064,2026-11-16T01:20Z,pre,false,Pittsburgh Steelers,PIT,0,1-1,Cincinnati Bengals,CIN,0,2-0,false,false,Paycor Stadium,NBC,CIN -3.5,-3.5,47.5,DraftKings,https://www.espn.com/nfl/game/_/gameId/401873064
NFL,2026,10,401873065,2026-11-17T01:15Z,pre,false,Los Angeles Chargers,LAC,0,0-2,Baltimore Ravens,BAL,0,1-1,false,false,M&T Bank Stadium,ESPN,BAL -3.5,-3.5,47.5,DraftKings,https://www.espn.com/nfl/game/_/gameId/401873065
NFL,2026,11,401873066,2026-11-20T01:15Z,pre,false,Indianapolis Colts,IND,0,0-2,Houston Texans,HOU,0,0-2,false,false,Reliant Stadium,Prime Video,HOU -5.5,-5.5,45.5,DraftKings,https://www.espn.com/nfl/game/_/gameId/401873066
NFL,2026,11,401873067,2026-11-22T18:00Z,pre,false,Arizona Cardinals,ARI,0,1-1,Kansas City Chiefs,KC,0,2-0,false,false,Arrowhead Stadium,CBS,KC -11.5,-11.5,44.5,DraftKings,https://www.espn.com/nfl/game/_/gameId/401873067
NFL,2026,11,401873068,2026-11-22T18:00Z,pre,false,Baltimore Ravens,BAL,0,1-1,Carolina Panthers,CAR,0,1-1,false,false,Bank of America Stadium,FOX,BAL -4.5,4.5,46.5,DraftKings,https://www.espn.com/nfl/game/_/gameId/401873068
NFL,2026,11,401873069,2026-11-22T18:00Z,pre,false,Jacksonville Jaguars,JAX,0,1-1,New York Giants,NYG,0,1-0,false,false,MetLife Stadium,CBS,JAX -1.5,1.5,46.5,DraftKings,https://www.espn.com/nfl/game/_/gameId/401873069
NFL,2026,11,401873070,2026-11-22T18:00Z,pre,false,Miami Dolphins,MIA,0,0-2,Buffalo Bills,BUF,0,2-0,false,false,Highmark Stadium,FOX,BUF -11.5,-11.5,47.5,DraftKings,https://www.espn.com/nfl/game/_/gameId/401873070
NFL,2026,11,401873071,2026-11-22T18:00Z,pre,false,New Orleans Saints,NO,0,1-1,Chicago Bears,CHI,0,1-1,false,false,Soldier Field,FOX,CHI -6.5,-6.5,46.5,DraftKings,https://www.espn.com/nfl/game/_/gameId/401873071
NFL,2026,11,401873072,2026-11-22T18:00Z,pre,false,Tampa Bay Buccaneers,TB,0,0-2,Detroit Lions,DET,0,1-1,false,false,Ford Field,CBS,DET -4.5,-4.5,49.5,DraftKings,https://www.espn.com/nfl/game/_/gameId/401873072
NFL,2026,11,401873073,2026-11-22T18:00Z,pre,false,Tennessee Titans,TEN,0,0-2,Dallas Cowboys,DAL,0,1-1,false,false,AT&T Stadium,FOX,DAL -6.5,-6.5,48.5,DraftKings,https://www.espn.com/nfl/game/_/gameId/401873073
NFL,2026,11,401873074,2026-11-22T21:05Z,pre,false,New York Jets,NYJ,0,1-1,Los Angeles Chargers,LAC,0,0-2,false,false,SoFi Stadium,FOX,LAC -9.5,-9.5,41.5,DraftKings,https://www.espn.com/nfl/game/_/gameId/401873074
NFL,2026,11,401873075,2026-11-22T21:25Z,pre,false,Las Vegas Raiders,LV,0,2-0,Denver Broncos,DEN,0,1-1,false,false,Empower Field at Mile High,CBS,DEN -7.5,-7.5,41.5,DraftKings,https://www.espn.com/nfl/game/_/gameId/401873075
NFL,2026,11,401873076,2026-11-22T21:25Z,pre,false,Pittsburgh Steelers,PIT,0,1-1,Philadelphia Eagles,PHI,0,2-0,false,false,Lincoln Financial Field,CBS,PHI -5.5,-5.5,42.5,DraftKings,https://www.espn.com/nfl/game/_/gameId/401873076
NFL,2026,11,401873077,2026-11-23T01:20Z,pre,false,Minnesota Vikings,MIN,0,2-0,San Francisco 49ers,SF,0,2-0,true,false,Estadio Banorte,NBC,SF -3.5,-3.5,46.5,DraftKings,https://www.espn.com/nfl/game/_/gameId/401873077
NFL,2026,11,401873078,2026-11-24T01:15Z,pre,false,Cincinnati Bengals,CIN,0,2-0,Washington Commanders,WSH,0,0-2,false,false,Northwest Stadium,ESPN,CIN -1.5,1.5,52.5,DraftKings,https://www.espn.com/nfl/game/_/gameId/401873078
NFL,2026,12,401873079,2026-11-26T01:00Z,pre,false,Green Bay Packers,GB,0,1-1,Los Angeles Rams,LAR,0,0-1,false,false,SoFi Stadium,Netflix,LAR -4.5,-4.5,48.5,DraftKings,https://www.espn.com/nfl/game/_/gameId/401873079
NFL,2026,12,401873081,2026-11-26T18:00Z,pre,false,Chicago Bears,CHI,0,1-1,Detroit Lions,DET,0,1-1,false,false,Ford Field,CBS,DET -2.5,-2.5,52.5,DraftKings,https://www.espn.com/nfl/game/_/gameId/401873081
NFL,2026,12,401873080,2026-11-26T21:30Z,pre,false,Philadelphia Eagles,PHI,0,2-0,Dallas Cowboys,DAL,0,1-1,false,false,AT&T Stadium,FOX,DAL -1.5,-1.5,49.5,DraftKings,https://www.espn.com/nfl/game/_/gameId/401873080
NFL,2026,12,401873082,2026-11-27T01:20Z,pre,false,Kansas City Chiefs,KC,0,2-0,Buffalo Bills,BUF,0,2-0,false,false,Highmark Stadium,NBC,BUF -2.5,-2.5,50.5,DraftKings,https://www.espn.com/nfl/game/_/gameId/401873082
NFL,2026,12,401873083,2026-11-27T20:00Z,pre,false,Denver Broncos,DEN,0,1-1,Pittsburgh Steelers,PIT,0,1-1,false,false,Acrisure Stadium,Prime Video,DEN -1.5,1.5,39.5,DraftKings,https://www.espn.com/nfl/game/_/gameId/401873083
NFL,2026,12,401873084,2026-11-29T18:00Z,pre,false,Atlanta Falcons,ATL,0,0-2,Minnesota Vikings,MIN,0,2-0,false,false,U.S. Bank Stadium,FOX,MIN -4.5,-4.5,43.5,DraftKings,https://www.espn.com/nfl/game/_/gameId/401873084
NFL,2026,12,401873085,2026-11-29T18:00Z,pre,false,Baltimore Ravens,BAL,0,1-1,Houston Texans,HOU,0,0-2,false,false,Reliant Stadium,CBS,HOU -1.5,-1.5,45.5,DraftKings,https://www.espn.com/nfl/game/_/gameId/401873085
NFL,2026,12,401873086,2026-11-29T18:00Z,pre,false,Las Vegas Raiders,LV,0,2-0,Cleveland Browns,CLE,0,1-1,false,false,Huntington Bank Field,FOX,CLE -1.5,-1.5,39.5,DraftKings,https://www.espn.com/nfl/game/_/gameId/401873086
NFL,2026,12,401873087,2026-11-29T18:00Z,pre,false,New Orleans Saints,NO,0,1-1,Cincinnati Bengals,CIN,0,2-0,false,false,Paycor Stadium,CBS,CIN -6.5,-6.5,48.5,DraftKings,https://www.espn.com/nfl/game/_/gameId/401873087
NFL,2026,12,401873088,2026-11-29T18:00Z,pre,false,New York Giants,NYG,0,1-0,Indianapolis Colts,IND,0,0-2,false,false,Lucas Oil Stadium,FOX,IND -2.5,-2.5,47.5,DraftKings,https://www.espn.com/nfl/game/_/gameId/401873088
NFL,2026,12,401873089,2026-11-29T18:00Z,pre,false,New York Jets,NYJ,0,1-1,Miami Dolphins,MIA,0,0-2,false,false,Hard Rock Stadium,CBS,MIA -1.5,-1.5,40.5,DraftKings,https://www.espn.com/nfl/game/_/gameId/401873089
NFL,2026,12,401873090,2026-11-29T21:05Z,pre,false,Tennessee Titans,TEN,0,0-2,Jacksonville Jaguars,JAX,0,1-1,false,false,EverBank Stadium,CBS,JAX -5.5,-5.5,45.5,DraftKings,https://www.espn.com/nfl/game/_/gameId/401873090
NFL,2026,12,401873091,2026-11-29T21:25Z,pre,false,Seattle Seahawks,SEA,0,2-0,San Francisco 49ers,SF,0,2-0,false,false,Levi's Stadium,FOX,SEA -1.5,1.5,46.5,DraftKings,https://www.espn.com/nfl/game/_/gameId/401873091
NFL,2026,12,401873092,2026-11-29T21:25Z,pre,false,Washington Commanders,WSH,0,0-2,Arizona Cardinals,ARI,0,1-1,false,false,State Farm Stadium,FOX,WSH -4.5,4.5,47.5,DraftKings,https://www.espn.com/nfl/game/_/gameId/401873092
NFL,2026,12,401873093,2026-11-30T01:20Z,pre,false,New England Patriots,NE,0,1-1,Los Angeles Chargers,LAC,0,0-2,false,false,SoFi Stadium,NBC,LAC -1.5,-1.5,45.5,DraftKings,https://www.espn.com/nfl/game/_/gameId/401873093
NFL,2026,12,401873094,2026-12-01T01:15Z,pre,false,Carolina Panthers,CAR,0,1-1,Tampa Bay Buccaneers,TB,0,0-2,false,false,Raymond James Stadium,ESPN,TB -3.5,-3.5,44.5,DraftKings,https://www.espn.com/nfl/game/_/gameId/401873094
NFL,2026,13,401873096,2026-12-04T01:15Z,pre,false,Kansas City Chiefs,KC,0,2-0,Los Angeles Rams,LAR,0,0-1,false,false,SoFi Stadium,Prime Video,LAR -3.5,-3.5,47.5,DraftKings,https://www.espn.com/nfl/game/_/gameId/401873096
NFL,2026,13,401873095,2026-12-06T18:00Z,pre,false,San Francisco 49ers,SF,0,2-0,New York Giants,NYG,0,1-0,false,false,MetLife Stadium,FOX,SF -3,3,47.5,DraftKings,https://www.espn.com/nfl/game/_/gameId/401873095
NFL,2026,13,401873097,2026-12-06T18:00Z,pre,false,Cincinnati Bengals,CIN,0,2-0,Cleveland Browns,CLE,0,1-1,false,false,Huntington Bank Field,CBS,CIN -4.5,4.5,45.5,DraftKings,https://www.espn.com/nfl/game/_/gameId/401873097
NFL,2026,13,401873098,2026-12-06T18:00Z,pre,false,Detroit Lions,DET,0,1-1,Atlanta Falcons,ATL,0,0-2,false,false,Mercedes-Benz Stadium,CBS,DET -3.5,3.5,48.5,DraftKings,https://www.espn.com/nfl/game/_/gameId/401873098
NFL,2026,13,401873099,2026-12-06T18:00Z,pre,false,Green Bay Packers,GB,0,1-1,New Orleans Saints,NO,0,1-1,false,false,Caesars Superdome,FOX,GB -4.5,4.5,45.5,DraftKings,https://www.espn.com/nfl/game/_/gameId/401873099
NFL,2026,13,401873100,2026-12-06T18:00Z,pre,false,Jacksonville Jaguars,JAX,0,1-1,Chicago Bears,CHI,0,1-1,false,false,Soldier Field,FOX,CHI -3,-3,47.5,DraftKings,https://www.espn.com/nfl/game/_/gameId/401873100
NFL,2026,13,401873101,2026-12-06T18:00Z,pre,false,Los Angeles Chargers,LAC,0,0-2,Tampa Bay Buccaneers,TB,0,0-2,false,false,Raymond James Stadium,CBS,LAC -2.5,2.5,46.5,DraftKings,https://www.espn.com/nfl/game/_/gameId/401873101
NFL,2026,13,401873102,2026-12-06T18:00Z,pre,false,Washington Commanders,WSH,0,0-2,Tennessee Titans,TEN,0,0-2,false,false,Nissan Stadium,CBS,WSH -1.5,1.5,46.5,DraftKings,https://www.espn.com/nfl/game/_/gameId/401873102
NFL,2026,13,401873103,2026-12-06T21:05Z,pre,false,Miami Dolphins,MIA,0,0-2,Denver Broncos,DEN,0,1-1,false,false,Empower Field at Mile High,FOX,DEN -9.5,-9.5,42.5,DraftKings,https://www.espn.com/nfl/game/_/gameId/401873103
NFL,2026,13,401873104,2026-12-06T21:05Z,pre,false,Philadelphia Eagles,PHI,0,2-0,Arizona Cardinals,ARI,0,1-1,false,false,State Farm Stadium,FOX,PHI -8.5,8.5,43.5,DraftKings,https://www.espn.com/nfl/game/_/gameId/401873104
NFL,2026,13,401873105,2026-12-06T21:25Z,pre,false,Buffalo Bills,BUF,0,2-0,New England Patriots,NE,0,1-1,false,false,Gillette Stadium,CBS,NE -1.5,-1.5,48.5,DraftKings,https://www.espn.com/nfl/game/_/gameId/401873105
NFL,2026,13,401873106,2026-12-06T21:25Z,pre,false,Carolina Panthers,CAR,0,1-1,Minnesota Vikings,MIN,0,2-0,false,false,U.S. Bank Stadium,CBS,MIN -3.5,-3.5,42.5,DraftKings,https://www.espn.com/nfl/game/_/gameId/401873106
NFL,2026,13,401873107,2026-12-07T01:20Z,pre,false,Houston Texans,HOU,0,0-2,Pittsburgh Steelers,PIT,0,1-1,false,false,Acrisure Stadium,NBC,HOU -1.5,1.5,41.5,DraftKings,https://www.espn.com/nfl/game/_/gameId/401873107
NFL,2026,13,401873108,2026-12-08T01:15Z,pre,false,Dallas Cowboys,DAL,0,1-1,Seattle Seahawks,SEA,0,2-0,false,false,Lumen Field,ESPN / ABC,SEA -4.5,-4.5,48.5,DraftKings,https://www.espn.com/nfl/game/_/gameId/401873108
NFL,2026,14,401873109,2026-12-11T01:15Z,pre,false,Minnesota Vikings,MIN,0,2-0,New England Patriots,NE,0,1-1,false,false,Gillette Stadium,Prime Video,NE -4.5,-4.5,43.5,DraftKings,https://www.espn.com/nfl/game/_/gameId/401873109
NFL,2026,14,401873110,2026-12-13T18:00Z,pre,false,Atlanta Falcons,ATL,0,0-2,Cleveland Browns,CLE,0,1-1,false,false,Huntington Bank Field,CBS,CLE -1.5,-1.5,40.5,DraftKings,https://www.espn.com/nfl/game/_/gameId/401873110
NFL,2026,14,401873111,2026-12-13T18:00Z,pre,false,Chicago Bears,CHI,0,1-1,Miami Dolphins,MIA,0,0-2,false,false,Hard Rock Stadium,CBS,CHI -5.5,5.5,46.5,DraftKings,https://www.espn.com/nfl/game/_/gameId/401873111
NFL,2026,14,401873112,2026-12-13T18:00Z,pre,false,Denver Broncos,DEN,0,1-1,New York Jets,NYJ,0,1-1,false,false,MetLife Stadium,CBS,DEN -5.5,5.5,39.5,DraftKings,https://www.espn.com/nfl/game/_/gameId/401873112
NFL,2026,14,401873113,2026-12-13T18:00Z,pre,false,Houston Texans,HOU,0,0-2,Washington Commanders,WSH,0,0-2,false,false,Northwest Stadium,CBS,HOU -1.5,1.5,44.5,DraftKings,https://www.espn.com/nfl/game/_/gameId/401873113
NFL,2026,14,401873114,2026-12-13T18:00Z,pre,false,Indianapolis Colts,IND,0,0-2,Philadelphia Eagles,PHI,0,2-0,false,false,Lincoln Financial Field,FOX,PHI -5.5,-5.5,46.5,DraftKings,https://www.espn.com/nfl/game/_/gameId/401873114
NFL,2026,14,401873115,2026-12-13T18:00Z,pre,false,New Orleans Saints,NO,0,1-1,Carolina Panthers,CAR,0,1-1,false,false,Bank of America Stadium,CBS,CAR -2.5,-2.5,43.5,DraftKings,https://www.espn.com/nfl/game/_/gameId/401873115
NFL,2026,14,401873116,2026-12-13T18:00Z,pre,false,Tampa Bay Buccaneers,TB,0,0-2,Baltimore Ravens,BAL,0,1-1,false,false,M&T Bank Stadium,FOX,BAL -6,-6,48.5,DraftKings,https://www.espn.com/nfl/game/_/gameId/401873116
NFL,2026,14,401873117,2026-12-13T18:00Z,pre,false,Tennessee Titans,TEN,0,0-2,Detroit Lions,DET,0,1-1,false,false,Ford Field,FOX,DET -7.5,-7.5,47.5,DraftKings,https://www.espn.com/nfl/game/_/gameId/401873117
NFL,2026,14,401873118,2026-12-13T21:05Z,pre,false,Los Angeles Chargers,LAC,0,0-2,Las Vegas Raiders,LV,0,2-0,false,false,Allegiant Stadium,CBS,LAC -5.5,5.5,43.5,DraftKings,https://www.espn.com/nfl/game/_/gameId/401873118
NFL,2026,14,401873119,2026-12-13T21:25Z,pre,false,Kansas City Chiefs,KC,0,2-0,Cincinnati Bengals,CIN,0,2-0,false,false,Paycor Stadium,FOX,CIN -1.5,-1.5,48.5,DraftKings,https://www.espn.com/nfl/game/_/gameId/401873119
NFL,2026,14,401873120,2026-12-13T21:25Z,pre,false,Los Angeles Rams,LAR,0,0-1,San Francisco 49ers,SF,0,2-0,false,false,Levi's Stadium,FOX,LAR -1.5,1.5,49.5,DraftKings,https://www.espn.com/nfl/game/_/gameId/401873120
NFL,2026,14,401873121,2026-12-13T21:25Z,pre,false,New York Giants,NYG,0,1-0,Seattle Seahawks,SEA,0,2-0,false,false,Lumen Field,FOX,SEA -7.5,-7.5,45.5,DraftKings,https://www.espn.com/nfl/game/_/gameId/401873121
NFL,2026,14,401873122,2026-12-14T01:20Z,pre,false,Buffalo Bills,BUF,0,2-0,Green Bay Packers,GB,0,1-1,false,false,Lambeau Field,NBC,GB -1.5,-1.5,49.5,DraftKings,https://www.espn.com/nfl/game/_/gameId/401873122
NFL,2026,14,401873123,2026-12-15T01:15Z,pre,false,Pittsburgh Steelers,PIT,0,1-1,Jacksonville Jaguars,JAX,0,1-1,false,false,EverBank Stadium,ESPN,JAX -3,-3,44.5,DraftKings,https://www.espn.com/nfl/game/_/gameId/401873123
NFL,2026,15,401873124,2026-12-18T01:15Z,pre,false,San Francisco 49ers,SF,0,2-0,Los Angeles Chargers,LAC,0,0-2,false,false,SoFi Stadium,Prime Video,LAC -2.5,-2.5,47.5,DraftKings,https://www.espn.com/nfl/game/_/gameId/401873124
NFL,2026,15,401873125,2026-12-19T22:00Z,pre,false,Seattle Seahawks,SEA,0,2-0,Philadelphia Eagles,PHI,0,2-0,false,false,Lincoln Financial Field,FOX,PHI -1.5,-1.5,43.5,DraftKings,https://www.espn.com/nfl/game/_/gameId/401873125
NFL,2026,15,401873126,2026-12-20T01:20Z,pre,false,Chicago Bears,CHI,0,1-1,Buffalo Bills,BUF,0,2-0,false,false,Highmark Stadium,CBS,BUF -3.5,-3.5,51.5,DraftKings,https://www.espn.com/nfl/game/_/gameId/401873126
NFL,2026,15,401873127,2026-12-20T18:00Z,pre,false,Atlanta Falcons,ATL,0,0-2,Washington Commanders,WSH,0,0-2,false,false,Northwest Stadium,FOX,WSH -3.5,-3.5,46.5,DraftKings,https://www.espn.com/nfl/game/_/gameId/401873127
NFL,2026,15,401873128,2026-12-20T18:00Z,pre,false,Baltimore Ravens,BAL,0,1-1,Pittsburgh Steelers,PIT,0,1-1,false,false,Acrisure Stadium,CBS,BAL -2.5,2.5,46.5,DraftKings,https://www.espn.com/nfl/game/_/gameId/401873128
NFL,2026,15,401873129,2026-12-20T18:00Z,pre,false,Cincinnati Bengals,CIN,0,2-0,Carolina Panthers,CAR,0,1-1,false,false,Bank of America Stadium,FOX,CIN -2.5,2.5,47.5,DraftKings,https://www.espn.com/nfl/game/_/gameId/401873129
NFL,2026,15,401873130,2026-12-20T18:00Z,pre,false,Cleveland Browns,CLE,0,1-1,New York Giants,NYG,0,1-0,false,false,MetLife Stadium,CBS,NYG -4.5,-4.5,40.5,DraftKings,https://www.espn.com/nfl/game/_/gameId/401873130
NFL,2026,15,401873131,2026-12-20T18:00Z,pre,false,Indianapolis Colts,IND,0,0-2,Tennessee Titans,TEN,0,0-2,false,false,Nissan Stadium,CBS,IND -1.5,1.5,47.5,DraftKings,https://www.espn.com/nfl/game/_/gameId/401873131
NFL,2026,15,401873132,2026-12-20T18:00Z,pre,false,Jacksonville Jaguars,JAX,0,1-1,Houston Texans,HOU,0,0-2,false,false,Reliant Stadium,CBS,HOU -3,-3,43.5,DraftKings,https://www.espn.com/nfl/game/_/gameId/401873132
NFL,2026,15,401873133,2026-12-20T18:00Z,pre,false,Miami Dolphins,MIA,0,0-2,Green Bay Packers,GB,0,1-1,false,false,Lambeau Field,FOX,GB -10.5,-10.5,45.5,DraftKings,https://www.espn.com/nfl/game/_/gameId/401873133
NFL,2026,15,401873134,2026-12-20T18:00Z,pre,false,New Orleans Saints,NO,0,1-1,Tampa Bay Buccaneers,TB,0,0-2,false,false,Raymond James Stadium,FOX,TB -3.5,-3.5,45.5,DraftKings,https://www.espn.com/nfl/game/_/gameId/401873134
NFL,2026,15,401873135,2026-12-20T21:05Z,pre,false,New York Jets,NYJ,0,1-1,Arizona Cardinals,ARI,0,1-1,false,false,State Farm Stadium,FOX,ARI -1.5,-1.5,41.5,DraftKings,https://www.espn.com/nfl/game/_/gameId/401873135
NFL,2026,15,401873136,2026-12-20T21:25Z,pre,false,Dallas Cowboys,DAL,0,1-1,Los Angeles Rams,LAR,0,0-1,false,false,SoFi Stadium,CBS,LAR -6,-6,52.5,DraftKings,https://www.espn.com/nfl/game/_/gameId/401873136
NFL,2026,15,401873137,2026-12-20T21:25Z,pre,false,Denver Broncos,DEN,0,1-1,Las Vegas Raiders,LV,0,2-0,false,false,Allegiant Stadium,CBS,DEN -4.5,4.5,41.5,DraftKings,https://www.espn.com/nfl/game/_/gameId/401873137
NFL,2026,15,401873138,2026-12-21T01:20Z,pre,false,Detroit Lions,DET,0,1-1,Minnesota Vikings,MIN,0,2-0,false,false,U.S. Bank Stadium,NBC,DET -1.5,1.5,46.5,DraftKings,https://www.espn.com/nfl/game/_/gameId/401873138
NFL,2026,15,401873139,2026-12-22T01:15Z,pre,false,New England Patriots,NE,0,1-1,Kansas City Chiefs,KC,0,2-0,false,false,Arrowhead Stadium,ESPN / ABC,KC -2.5,-2.5,45.5,DraftKings,https://www.espn.com/nfl/game/_/gameId/401873139
NFL,2026,16,401873140,2026-12-25T01:15Z,pre,false,Houston Texans,HOU,0,0-2,Philadelphia Eagles,PHI,0,2-0,false,false,Lincoln Financial Field,Prime Video,PHI -2.5,-2.5,37.5,DraftKings,https://www.espn.com/nfl/game/_/gameId/401873140
NFL,2026,16,401873141,2026-12-25T18:00Z,pre,false,Green Bay Packers,GB,0,1-1,Chicago Bears,CHI,0,1-1,false,false,Soldier Field,Netflix,CHI -1.5,-1.5,47.5,DraftKings,https://www.espn.com/nfl/game/_/gameId/401873141
NFL,2026,16,401873142,2026-12-25T21:30Z,pre,false,Buffalo Bills,BUF,0,2-0,Denver Broncos,DEN,0,1-1,false,false,Empower Field at Mile High,Netflix,BUF -1.5,1.5,46.5,DraftKings,https://www.espn.com/nfl/game/_/gameId/401873142
NFL,2026,16,401873143,2026-12-26T01:15Z,pre,false,Los Angeles Rams,LAR,0,0-1,Seattle Seahawks,SEA,0,2-0,false,false,Lumen Field,FOX,SEA -1.5,-1.5,47.5,DraftKings,https://www.espn.com/nfl/game/_/gameId/401873143
NFL,2026,16,401873144,2026-12-27T05:00Z,pre,false,Carolina Panthers,CAR,0,1-1,Pittsburgh Steelers,PIT,0,1-1,false,false,Acrisure Stadium,,PIT -3.5,-3.5,41.5,DraftKings,https://www.espn.com/nfl/game/_/gameId/401873144
NFL,2026,16,401873145,2026-12-27T05:00Z,pre,false,Cincinnati Bengals,CIN,0,2-0,Indianapolis Colts,IND,0,0-2,false,false,Lucas Oil Stadium,,CIN -1.5,1.5,52.5,DraftKings,https://www.espn.com/nfl/game/_/gameId/401873145
NFL,2026,16,401873146,2026-12-27T05:00Z,pre,false,Tampa Bay Buccaneers,TB,0,0-2,Atlanta Falcons,ATL,0,0-2,false,false,Mercedes-Benz Stadium,,TB -1.5,1.5,45.5,DraftKings,https://www.espn.com/nfl/game/_/gameId/401873146
NFL,2026,16,401873147,2026-12-27T05:00Z,pre,false,Washington Commanders,WSH,0,0-2,Minnesota Vikings,MIN,0,2-0,false,false,U.S. Bank Stadium,,MIN -2.5,-2.5,46.5,DraftKings,https://www.espn.com/nfl/game/_/gameId/401873147
NFL,2026,16,401873148,2026-12-27T18:00Z,pre,false,Arizona Cardinals,ARI,0,1-1,New Orleans Saints,NO,0,1-1,false,false,Caesars Superdome,FOX,NO -5.5,-5.5,44.5,DraftKings,https://www.espn.com/nfl/game/_/gameId/401873148
NFL,2026,16,401873149,2026-12-27T18:00Z,pre,false,Cleveland Browns,CLE,0,1-1,Baltimore Ravens,BAL,0,1-1,false,false,M&T Bank Stadium,CBS,BAL -10,-10,43.5,DraftKings,https://www.espn.com/nfl/game/_/gameId/401873149
NFL,2026,16,401873150,2026-12-27T18:00Z,pre,false,Los Angeles Chargers,LAC,0,0-2,Miami Dolphins,MIA,0,0-2,false,false,Hard Rock Stadium,FOX,LAC -7,7,45.5,DraftKings,https://www.espn.com/nfl/game/_/gameId/401873150
NFL,2026,16,401873151,2026-12-27T18:00Z,pre,false,New England Patriots,NE,0,1-1,New York Jets,NYJ,0,1-1,false,false,MetLife Stadium,CBS,NE -6.5,6.5,40.5,DraftKings,https://www.espn.com/nfl/game/_/gameId/401873151
NFL,2026,16,401873152,2026-12-27T21:05Z,pre,false,Tennessee Titans,TEN,0,0-2,Las Vegas Raiders,LV,0,2-0,false,false,Allegiant Stadium,FOX,LV -1.5,-1.5,42.5,DraftKings,https://www.espn.com/nfl/game/_/gameId/401873152
NFL,2026,16,401873153,2026-12-27T21:25Z,pre,false,San Francisco 49ers,SF,0,2-0,Kansas City Chiefs,KC,0,2-0,false,false,Arrowhead Stadium,CBS,KC -3,-3,46.5,DraftKings,https://www.espn.com/nfl/game/_/gameId/401873153
NFL,2026,16,401873154,2026-12-28T01:20Z,pre,false,Jacksonville Jaguars,JAX,0,1-1,Dallas Cowboys,DAL,0,1-1,false,false,AT&T Stadium,NBC,DAL -3,-3,51.5,DraftKings,https://www.espn.com/nfl/game/_/gameId/401873154
NFL,2026,16,401873155,2026-12-29T01:15Z,pre,false,New York Giants,NYG,0,1-0,Detroit Lions,DET,0,1-1,false,false,Ford Field,ESPN,DET -4.5,-4.5,49.5,DraftKings,https://www.espn.com/nfl/game/_/gameId/401873155
NFL,2026,17,401873156,2027-01-01T01:15Z,pre,false,Baltimore Ravens,BAL,0,1-1,Cincinnati Bengals,CIN,0,2-0,false,false,Paycor Stadium,Prime Video,CIN -2.5,-2.5,51.5,DraftKings,https://www.espn.com/nfl/game/_/gameId/401873156
NFL,2026,17,401873157,2027-01-03T05:00Z,pre,false,Denver Broncos,DEN,0,1-1,New England Patriots,NE,0,1-1,false,false,Gillette Stadium,,NE -2.5,-2.5,42.5,DraftKings,https://www.espn.com/nfl/game/_/gameId/401873157
NFL,2026,17,401873158,2027-01-03T05:00Z,pre,false,Kansas City Chiefs,KC,0,2-0,Los Angeles Chargers,LAC,0,0-2,false,false,SoFi Stadium,,LAC -1.5,-1.5,45.5,DraftKings,https://www.espn.com/nfl/game/_/gameId/401873158
NFL,2026,17,401873159,2027-01-03T05:00Z,pre,false,Los Angeles Rams,LAR,0,0-1,Tampa Bay Buccaneers,TB,0,0-2,false,false,Raymond James Stadium,,LAR -4.5,4.5,48.5,DraftKings,https://www.espn.com/nfl/game/_/gameId/401873159
NFL,2026,17,401873160,2027-01-03T05:00Z,pre,false,Washington Commanders,WSH,0,0-2,Jacksonville Jaguars,JAX,0,1-1,false,false,EverBank Stadium,,JAX -3.5,-3.5,48.5,DraftKings,https://www.espn.com/nfl/game/_/gameId/401873160
NFL,2026,17,401873161,2027-01-03T18:00Z,pre,false,Buffalo Bills,BUF,0,2-0,Miami Dolphins,MIA,0,0-2,false,false,Hard Rock Stadium,CBS,BUF -7.5,7.5,47.5,DraftKings,https://www.espn.com/nfl/game/_/gameId/401873161
NFL,2026,17,401873162,2027-01-03T18:00Z,pre,false,Indianapolis Colts,IND,0,0-2,Cleveland Browns,CLE,0,1-1,false,false,Huntington Bank Field,FOX,IND -2.5,2.5,43.5,DraftKings,https://www.espn.com/nfl/game/_/gameId/401873162
NFL,2026,17,401873163,2027-01-03T18:00Z,pre,false,Minnesota Vikings,MIN,0,2-0,New York Jets,NYJ,0,1-1,false,false,MetLife Stadium,CBS,MIN -3.5,3.5,39.5,DraftKings,https://www.espn.com/nfl/game/_/gameId/401873163
NFL,2026,17,401873164,2027-01-03T18:00Z,pre,false,New Orleans Saints,NO,0,1-1,Atlanta Falcons,ATL,0,0-2,false,false,Mercedes-Benz Stadium,FOX,ATL -1.5,-1.5,44.5,DraftKings,https://www.espn.com/nfl/game/_/gameId/401873164
NFL,2026,17,401873165,2027-01-03T18:00Z,pre,false,New York Giants,NYG,0,1-0,Dallas Cowboys,DAL,0,1-1,false,false,AT&T Stadium,FOX,DAL -4.5,-4.5,49.5,DraftKings,https://www.espn.com/nfl/game/_/gameId/401873165
NFL,2026,17,401873166,2027-01-03T18:00Z,pre,false,Pittsburgh Steelers,PIT,0,1-1,Tennessee Titans,TEN,0,0-2,false,false,Nissan Stadium,CBS,PIT -1.5,1.5,42.5,DraftKings,https://www.espn.com/nfl/game/_/gameId/401873166
NFL,2026,17,401873167,2027-01-03T18:00Z,pre,false,Seattle Seahawks,SEA,0,2-0,Carolina Panthers,CAR,0,1-1,false,false,Bank of America Stadium,FOX,SEA -5.5,5.5,42.5,DraftKings,https://www.espn.com/nfl/game/_/gameId/401873167
NFL,2026,17,401873168,2027-01-03T21:05Z,pre,false,Las Vegas Raiders,LV,0,2-0,Arizona Cardinals,ARI,0,1-1,false,false,State Farm Stadium,CBS,LV -1.5,1.5,42.5,DraftKings,https://www.espn.com/nfl/game/_/gameId/401873168
NFL,2026,17,401873169,2027-01-03T21:25Z,pre,false,Detroit Lions,DET,0,1-1,Chicago Bears,CHI,0,1-1,false,false,Soldier Field,FOX,CHI -1.5,-1.5,49.5,DraftKings,https://www.espn.com/nfl/game/_/gameId/401873169
NFL,2026,17,401873170,2027-01-04T01:20Z,pre,false,Philadelphia Eagles,PHI,0,2-0,San Francisco 49ers,SF,0,2-0,false,false,Levi's Stadium,NBC,SF -1.5,-1.5,45.5,DraftKings,https://www.espn.com/nfl/game/_/gameId/401873170
NFL,2026,17,401873171,2027-01-05T01:15Z,pre,false,Houston Texans,HOU,0,0-2,Green Bay Packers,GB,0,1-1,false,false,Lambeau Field,ESPN,GB -2.5,-2.5,42.5,DraftKings,https://www.espn.com/nfl/game/_/gameId/401873171
NFL,2026,18,401873172,2027-01-10T05:00Z,pre,false,Atlanta Falcons,ATL,0,0-2,Carolina Panthers,CAR,0,1-1,false,false,Bank of America Stadium,,CAR -2.5,-2.5,41.5,DraftKings,https://www.espn.com/nfl/game/_/gameId/401873172
NFL,2026,18,401873173,2027-01-10T05:00Z,pre,false,Chicago Bears,CHI,0,1-1,Minnesota Vikings,MIN,0,2-0,false,false,U.S. Bank Stadium,,MIN -1.5,-1.5,43.5,DraftKings,https://www.espn.com/nfl/game/_/gameId/401873173
NFL,2026,18,401873174,2027-01-10T05:00Z,pre,false,Cleveland Browns,CLE,0,1-1,Cincinnati Bengals,CIN,0,2-0,false,false,Paycor Stadium,,CIN -7.5,-7.5,43.5,DraftKings,https://www.espn.com/nfl/game/_/gameId/401873174
NFL,2026,18,401873175,2027-01-10T05:00Z,pre,false,Dallas Cowboys,DAL,0,1-1,Washington Commanders,WSH,0,0-2,false,false,Northwest Stadium,,DAL -1.5,1.5,49.5,DraftKings,https://www.espn.com/nfl/game/_/gameId/401873175
NFL,2026,18,401873176,2027-01-10T05:00Z,pre,false,Detroit Lions,DET,0,1-1,Green Bay Packers,GB,0,1-1,false,false,Lambeau Field,,GB -2.5,-2.5,47.5,DraftKings,https://www.espn.com/nfl/game/_/gameId/401873176
NFL,2026,18,401873177,2027-01-10T05:00Z,pre,false,Jacksonville Jaguars,JAX,0,1-1,Indianapolis Colts,IND,0,0-2,false,false,Lucas Oil Stadium,,IND -1.5,-1.5,46.5,DraftKings,https://www.espn.com/nfl/game/_/gameId/401873177
NFL,2026,18,401873178,2027-01-10T05:00Z,pre,false,Las Vegas Raiders,LV,0,2-0,Kansas City Chiefs,KC,0,2-0,false,false,Arrowhead Stadium,,KC -8.5,-8.5,40.5,DraftKings,https://www.espn.com/nfl/game/_/gameId/401873178
NFL,2026,18,401873179,2027-01-10T05:00Z,pre,false,Los Angeles Chargers,LAC,0,0-2,Denver Broncos,DEN,0,1-1,false,false,Empower Field at Mile High,,DEN -1.5,-1.5,41.5,DraftKings,https://www.espn.com/nfl/game/_/gameId/401873179
NFL,2026,18,401873180,2027-01-10T05:00Z,pre,false,Miami Dolphins,MIA,0,0-2,New England Patriots,NE,0,1-1,false,false,Gillette Stadium,,NE -10.5,-10.5,42.5,DraftKings,https://www.espn.com/nfl/game/_/gameId/401873180
NFL,2026,18,401873181,2027-01-10T05:00Z,pre,false,New York Jets,NYJ,0,1-1,Buffalo Bills,BUF,0,2-0,false,false,Highmark Stadium,,BUF -10,-10,43.5,DraftKings,https://www.espn.com/nfl/game/_/gameId/401873181
NFL,2026,18,401873182,2027-01-10T05:00Z,pre,false,Philadelphia Eagles,PHI,0,2-0,New York Giants,NYG,0,1-0,false,false,MetLife Stadium,,PHI -3,3,41.5,DraftKings,https://www.espn.com/nfl/game/_/gameId/401873182
NFL,2026,18,401873183,2027-01-10T05:00Z,pre,false,Pittsburgh Steelers,PIT,0,1-1,Baltimore Ravens,BAL,0,1-1,false,false,M&T Bank Stadium,,BAL -5.5,-5.5,43.5,DraftKings,https://www.espn.com/nfl/game/_/gameId/401873183
NFL,2026,18,401873184,2027-01-10T05:00Z,pre,false,San Francisco 49ers,SF,0,2-0,Arizona Cardinals,ARI,0,1-1,false,false,State Farm Stadium,,SF -8.5,8.5,44.5,DraftKings,https://www.espn.com/nfl/game/_/gameId/401873184
NFL,2026,18,401873185,2027-01-10T05:00Z,pre,false,Seattle Seahawks,SEA,0,2-0,Los Angeles Rams,LAR,0,0-1,false,false,SoFi Stadium,,LAR -3,-3,44.5,DraftKings,https://www.espn.com/nfl/game/_/gameId/401873185
NFL,2026,18,401873186,2027-01-10T05:00Z,pre,false,Tampa Bay Buccaneers,TB,0,0-2,New Orleans Saints,NO,0,1-1,false,false,Caesars Superdome,,TB -1.5,1.5,43.5,DraftKings,https://www.espn.com/nfl/game/_/gameId/401873186
NFL,2026,18,401873187,2027-01-10T05:00Z,pre,false,Tennessee Titans,TEN,0,0-2,Houston Texans,HOU,0,0-2,false,false,Reliant Stadium,,HOU -7,-7,39.5,DraftKings,https://www.espn.com/nfl/game/_/gameId/401873187
